
CREATE DATABASE ASSIGNMENT_SQL;
USE ASSIGNMENT_SQL;

DROP TABLE IF EXISTS students;
CREATE TABLE students
    (`id` int, `name` varchar(9), `marks` int);
    
INSERT INTO students
    (`id`, `name`, `marks`)
VALUES
    (19 ,'Samantha' ,87 )
    (21, 'Julia', 96),
    (11, 'Britney', 95),
    (32, 'Kristeen', 100),
    (12, 'Dyana', 55),
    (13, 'Jenny', 66),
    (14, 'Christene', 88),
    (15, 'Meera', 24),
    (16, 'Priya', 76),
    (17, 'Priyanka', 77),
    (18, 'Paige', 74),
    (19, 'Jane', 64),
    (21, 'Belvet', 78),
    (31, 'Scarlet', 80),
    (41, 'Salma', 81),
    (51, 'Amanda', 34),
    (61, 'Heraldo', 94),
    (71, 'Stuart', 99),
    (81, 'Aamina', 77),
    (76, 'Amina', 89),
    (91, 'Vivek', 84),
    (17, 'Evil', 79),
    (16, 'Devil', 76),
    (34, 'Fanny', 75),
    (38, 'Danny', 75);

CREATE TABLE STATION(
   ID     INTEGER  NOT NULL 
  ,CITY   VARCHAR(21) NOT NULL
  ,STATE  VARCHAR(2) NOT NULL
  ,LAT_N  NUMERIC(14,10) NOT NULL
  ,LONG_W NUMERIC(15,10) NOT NULL
);
INSERT INTO STATION(ID,CITY,STATE,LAT_N,LONG_W) VALUES (794,'Kissee Mills','MO',139.6503652000,73.4160988400);
INSERT INTO STATION(ID,CITY,STATE,LAT_N,LONG_W) VALUES (824,'Loma Mar','CA',48.6978857200,130.5393541000);
INSERT INTO STATION(ID,CITY,STATE,LAT_N,LONG_W) VALUES (603,'Sandy Hook','CT',72.3374801400,148.2400769000);
INSERT INTO STATION(ID,CITY,STATE,LAT_N,LONG_W) VALUES (478,'Tipton','IN',33.5479270100,97.9428603600);
INSERT INTO STATION(ID,CITY,STATE,LAT_N,LONG_W) VALUES (619,'Arlington','CO',75.1799307900,92.9461589400);
INSERT INTO STATION(ID,CITY,STATE,LAT_N,LONG_W) VALUES (711,'Turner','AR',50.2438053400,101.4580163000);
INSERT INTO STATION(ID,CITY,STATE,LAT_N,LONG_W) VALUES (839,'Slidell','LA',85.3227030400,151.8743276000);
INSERT INTO STATION(ID,CITY,STATE,LAT_N,LONG_W) VALUES (411,'Negreet','LA',98.9707194000,105.3376115000);
INSERT INTO STATION(ID,CITY,STATE,LAT_N,LONG_W) VALUES (588,'Glencoe','KY',46.3873924400,136.0427027000);
INSERT INTO STATION(ID,CITY,STATE,LAT_N,LONG_W) VALUES (665,'Chelsea','IA',98.7221093700,59.6891300200);
INSERT INTO STATION(ID,CITY,STATE,LAT_N,LONG_W) VALUES (342,'Chignik Lagoon','AK',103.1995264000,153.0084273000);
INSERT INTO STATION(ID,CITY,STATE,LAT_N,LONG_W) VALUES (733,'Pelahatchie','MS',38.5816159500,28.1195070300);
INSERT INTO STATION(ID,CITY,STATE,LAT_N,LONG_W) VALUES (441,'Hanna City','IL',50.9893298700,136.7811010000);
INSERT INTO STATION(ID,CITY,STATE,LAT_N,LONG_W) VALUES (811,'Dorrance','KS',102.0888316000,121.5614372000);
INSERT INTO STATION(ID,CITY,STATE,LAT_N,LONG_W) VALUES (698,'Albany','CA',49.7511276500,80.2121131700);
INSERT INTO STATION(ID,CITY,STATE,LAT_N,LONG_W) VALUES (325,'Monument','KS',70.5230095300,141.7680413000);
INSERT INTO STATION(ID,CITY,STATE,LAT_N,LONG_W) VALUES (414,'Manchester','MD',73.5158072400,37.1460286900);
INSERT INTO STATION(ID,CITY,STATE,LAT_N,LONG_W) VALUES (113,'Prescott','IA',39.9323442100,65.7932782300);
INSERT INTO STATION(ID,CITY,STATE,LAT_N,LONG_W) VALUES (971,'Graettinger','IA',94.6628366500,150.3826243000);
INSERT INTO STATION(ID,CITY,STATE,LAT_N,LONG_W) VALUES (266,'Cahone','CO',116.2321963000,127.0095540000);
INSERT INTO STATION(ID,CITY,STATE,LAT_N,LONG_W) VALUES (617,'Sturgis','MS',36.4567351700,126.1690696000);
INSERT INTO STATION(ID,CITY,STATE,LAT_N,LONG_W) VALUES (495,'Upperco','MD',114.2157413000,29.6310475800);
INSERT INTO STATION(ID,CITY,STATE,LAT_N,LONG_W) VALUES (473,'Highwood','IL',27.2544581400,150.9227402000);
INSERT INTO STATION(ID,CITY,STATE,LAT_N,LONG_W) VALUES (959,'Waipahu','HI',106.4460526000,33.9145179200);
INSERT INTO STATION(ID,CITY,STATE,LAT_N,LONG_W) VALUES (438,'Bowdon','GA',88.9811101300,78.4902524100);
INSERT INTO STATION(ID,CITY,STATE,LAT_N,LONG_W) VALUES (571,'Tyler','MN',133.3521233000,58.6327383300);
INSERT INTO STATION(ID,CITY,STATE,LAT_N,LONG_W) VALUES (92,'Watkins','CO',83.2743306300,96.7373230500);
INSERT INTO STATION(ID,CITY,STATE,LAT_N,LONG_W) VALUES (399,'Republic','MI',75.4218200000,130.1266717000);
INSERT INTO STATION(ID,CITY,STATE,LAT_N,LONG_W) VALUES (426,'Millville','CA',32.5583820900,145.7434609000);
INSERT INTO STATION(ID,CITY,STATE,LAT_N,LONG_W) VALUES (844,'Aguanga','CA',79.8916565700,65.9395925100);
INSERT INTO STATION(ID,CITY,STATE,LAT_N,LONG_W) VALUES (321,'Bowdon Junction','GA',85.9317415800,33.6009832100);
INSERT INTO STATION(ID,CITY,STATE,LAT_N,LONG_W) VALUES (606,'Morenci','AZ',104.8964262000,110.2033978000);
INSERT INTO STATION(ID,CITY,STATE,LAT_N,LONG_W) VALUES (957,'South El Monte','CA',74.0495834600,79.6438173200);
INSERT INTO STATION(ID,CITY,STATE,LAT_N,LONG_W) VALUES (833,'Hoskinston','KY',65.7515349000,65.6793726500);
INSERT INTO STATION(ID,CITY,STATE,LAT_N,LONG_W) VALUES (843,'Talbert','KY',39.8594792100,58.8499976900);
INSERT INTO STATION(ID,CITY,STATE,LAT_N,LONG_W) VALUES (166,'Mccomb','MS',74.0416937600,42.6337468100);
INSERT INTO STATION(ID,CITY,STATE,LAT_N,LONG_W) VALUES (339,'Kirk','CO',141.0973970000,136.3312671000);
INSERT INTO STATION(ID,CITY,STATE,LAT_N,LONG_W) VALUES (909,'Carlock','IL',117.3209611000,84.8024465900);
INSERT INTO STATION(ID,CITY,STATE,LAT_N,LONG_W) VALUES (829,'Seward','IL',72.4193091700,90.2089020900);
INSERT INTO STATION(ID,CITY,STATE,LAT_N,LONG_W) VALUES (766,'Gustine','CA',111.0875596000,140.8338617000);
INSERT INTO STATION(ID,CITY,STATE,LAT_N,LONG_W) VALUES (392,'Delano','CA',126.3467998000,91.5016174600);
INSERT INTO STATION(ID,CITY,STATE,LAT_N,LONG_W) VALUES (555,'Westphalia','MI',32.7664163700,143.8050085000);
INSERT INTO STATION(ID,CITY,STATE,LAT_N,LONG_W) VALUES (33,'Saint Elmo','AL',27.3469862700,50.5795036500);
INSERT INTO STATION(ID,CITY,STATE,LAT_N,LONG_W) VALUES (728,'Roy','MT',41.3118776100,51.5646792900);
INSERT INTO STATION(ID,CITY,STATE,LAT_N,LONG_W) VALUES (656,'Pattonsburg','MO',138.1003340000,32.1080402400);
INSERT INTO STATION(ID,CITY,STATE,LAT_N,LONG_W) VALUES (394,'Centertown','MO',133.9733513000,93.1724637400);
INSERT INTO STATION(ID,CITY,STATE,LAT_N,LONG_W) VALUES (366,'Norvell','MI',125.3431567000,93.7524586400);
INSERT INTO STATION(ID,CITY,STATE,LAT_N,LONG_W) VALUES (96,'Raymondville','MO',70.6823916800,148.4444084000);
INSERT INTO STATION(ID,CITY,STATE,LAT_N,LONG_W) VALUES (867,'Beaver Island','MI',81.8844776900,164.8760477000);
INSERT INTO STATION(ID,CITY,STATE,LAT_N,LONG_W) VALUES (977,'Odin','IL',53.4885877300,115.7934363000);
INSERT INTO STATION(ID,CITY,STATE,LAT_N,LONG_W) VALUES (741,'Jemison','AL',62.1030710800,25.7126058100);
INSERT INTO STATION(ID,CITY,STATE,LAT_N,LONG_W) VALUES (436,'West Hills','CA',68.4303534400,73.0954190500);
INSERT INTO STATION(ID,CITY,STATE,LAT_N,LONG_W) VALUES (323,'Barrigada','GU',60.6071647300,147.5296125000);
INSERT INTO STATION(ID,CITY,STATE,LAT_N,LONG_W) VALUES (3,'Hesperia','CA',106.0569286000,71.1187671100);
INSERT INTO STATION(ID,CITY,STATE,LAT_N,LONG_W) VALUES (814,'Wickliffe','KY',80.2996573500,46.1299348900);
INSERT INTO STATION(ID,CITY,STATE,LAT_N,LONG_W) VALUES (375,'Culdesac','ID',47.8418268000,78.0655123600);
INSERT INTO STATION(ID,CITY,STATE,LAT_N,LONG_W) VALUES (467,'Roselawn','IN',87.7070816900,51.7450698600);
INSERT INTO STATION(ID,CITY,STATE,LAT_N,LONG_W) VALUES (604,'Forest Lakes','AZ',144.8428773000,114.2941167000);
INSERT INTO STATION(ID,CITY,STATE,LAT_N,LONG_W) VALUES (551,'San Simeon','CA',37.5328728800,28.3416720400);
INSERT INTO STATION(ID,CITY,STATE,LAT_N,LONG_W) VALUES (706,'Little Rock','AR',122.2368191000,121.1527177000);
INSERT INTO STATION(ID,CITY,STATE,LAT_N,LONG_W) VALUES (647,'Portland','AR',83.9211681800,44.8055569400);
INSERT INTO STATION(ID,CITY,STATE,LAT_N,LONG_W) VALUES (25,'New Century','KS',135.0165273000,79.2737078000);
INSERT INTO STATION(ID,CITY,STATE,LAT_N,LONG_W) VALUES (250,'Hampden','MA',76.3907430800,26.4836883800);
INSERT INTO STATION(ID,CITY,STATE,LAT_N,LONG_W) VALUES (124,'Pine City','MN',119.4617792000,129.3654709000);
INSERT INTO STATION(ID,CITY,STATE,LAT_N,LONG_W) VALUES (547,'Sandborn','IN',55.9468076700,93.8531547500);
INSERT INTO STATION(ID,CITY,STATE,LAT_N,LONG_W) VALUES (701,'Seaton','IL',128.2287955000,78.4300562800);
INSERT INTO STATION(ID,CITY,STATE,LAT_N,LONG_W) VALUES (197,'Milledgeville','IL',90.9881102800,113.2748504000);
INSERT INTO STATION(ID,CITY,STATE,LAT_N,LONG_W) VALUES (613,'East China','MI',108.6868178000,42.4811130000);
INSERT INTO STATION(ID,CITY,STATE,LAT_N,LONG_W) VALUES (630,'Prince Frederick','MD',104.8277251000,57.7240982400);
INSERT INTO STATION(ID,CITY,STATE,LAT_N,LONG_W) VALUES (767,'Pomona Park','FL',100.5211913000,163.3497491000);
INSERT INTO STATION(ID,CITY,STATE,LAT_N,LONG_W) VALUES (679,'Gretna','LA',75.2629378700,142.5762285000);
INSERT INTO STATION(ID,CITY,STATE,LAT_N,LONG_W) VALUES (896,'Yazoo City','MS',95.0089627100,85.2246503700);
INSERT INTO STATION(ID,CITY,STATE,LAT_N,LONG_W) VALUES (403,'Zionsville','IN',57.7918146400,36.4938660000);
INSERT INTO STATION(ID,CITY,STATE,LAT_N,LONG_W) VALUES (519,'Rio Oso','CA',29.3905237800,105.8220992000);
INSERT INTO STATION(ID,CITY,STATE,LAT_N,LONG_W) VALUES (482,'Jolon','CA',66.6505437800,52.9552876900);
INSERT INTO STATION(ID,CITY,STATE,LAT_N,LONG_W) VALUES (252,'Childs','MD',92.7594351000,104.0155475000);
INSERT INTO STATION(ID,CITY,STATE,LAT_N,LONG_W) VALUES (600,'Shreveport','LA',136.2310159000,38.5020729100);
INSERT INTO STATION(ID,CITY,STATE,LAT_N,LONG_W) VALUES (14,'Forest','MS',120.2830760000,50.2288335600);
INSERT INTO STATION(ID,CITY,STATE,LAT_N,LONG_W) VALUES (260,'Sizerock','KY',116.0212592000,112.7471971000);
INSERT INTO STATION(ID,CITY,STATE,LAT_N,LONG_W) VALUES (65,'Buffalo Creek','CO',47.6614595800,148.1867300000);
INSERT INTO STATION(ID,CITY,STATE,LAT_N,LONG_W) VALUES (753,'Algonac','MI',118.7398038000,80.1467111400);
INSERT INTO STATION(ID,CITY,STATE,LAT_N,LONG_W) VALUES (174,'Onaway','MI',108.6065870000,55.7594569200);
INSERT INTO STATION(ID,CITY,STATE,LAT_N,LONG_W) VALUES (263,'Irvington','IL',96.7047424400,68.2871918100);
INSERT INTO STATION(ID,CITY,STATE,LAT_N,LONG_W) VALUES (253,'Winsted','MN',68.8238493900,72.5151142200);
INSERT INTO STATION(ID,CITY,STATE,LAT_N,LONG_W) VALUES (557,'Woodbury','GA',102.5472386000,93.3755393200);
INSERT INTO STATION(ID,CITY,STATE,LAT_N,LONG_W) VALUES (897,'Samantha','AL',75.2235845000,35.9447919200);
INSERT INTO STATION(ID,CITY,STATE,LAT_N,LONG_W) VALUES (98,'Hackleburg','AL',119.5607105000,120.6244819000);
INSERT INTO STATION(ID,CITY,STATE,LAT_N,LONG_W) VALUES (423,'Soldier','KS',77.3005169700,152.6019439000);
INSERT INTO STATION(ID,CITY,STATE,LAT_N,LONG_W) VALUES (361,'Arrowsmith','IL',28.0031869300,109.3395101000);
INSERT INTO STATION(ID,CITY,STATE,LAT_N,LONG_W) VALUES (409,'Columbus','GA',67.3389228900,46.6162265300);
INSERT INTO STATION(ID,CITY,STATE,LAT_N,LONG_W) VALUES (312,'Bentonville','AR',36.9528472000,78.0684362800);
INSERT INTO STATION(ID,CITY,STATE,LAT_N,LONG_W) VALUES (854,'Kirkland','AZ',86.4100423100,57.9952384300);
INSERT INTO STATION(ID,CITY,STATE,LAT_N,LONG_W) VALUES (160,'Grosse Pointe','MI',102.0471602000,91.3713112200);
INSERT INTO STATION(ID,CITY,STATE,LAT_N,LONG_W) VALUES (735,'Wilton','ME',56.5794408300,157.1906205000);
INSERT INTO STATION(ID,CITY,STATE,LAT_N,LONG_W) VALUES (608,'Busby','MT',104.0894472000,29.8303510900);
INSERT INTO STATION(ID,CITY,STATE,LAT_N,LONG_W) VALUES (122,'Robertsdale','AL',97.7213689000,85.3747551000);
INSERT INTO STATION(ID,CITY,STATE,LAT_N,LONG_W) VALUES (93,'Dale','IN',69.5933502200,34.4155211900);
INSERT INTO STATION(ID,CITY,STATE,LAT_N,LONG_W) VALUES (67,'Reeds','MO',30.7888812900,42.5021131100);
INSERT INTO STATION(ID,CITY,STATE,LAT_N,LONG_W) VALUES (906,'Hayfork','CA',35.2971959000,116.6698147000);
INSERT INTO STATION(ID,CITY,STATE,LAT_N,LONG_W) VALUES (34,'Mcbrides','MI',74.0570840300,35.6824854200);
INSERT INTO STATION(ID,CITY,STATE,LAT_N,LONG_W) VALUES (921,'Lee Center','IL',95.7911378400,77.1305915700);
INSERT INTO STATION(ID,CITY,STATE,LAT_N,LONG_W) VALUES (401,'Tennessee','IL',55.4983811700,155.6455992000);
INSERT INTO STATION(ID,CITY,STATE,LAT_N,LONG_W) VALUES (536,'Henderson','IA',77.9241724900,77.9066287600);
INSERT INTO STATION(ID,CITY,STATE,LAT_N,LONG_W) VALUES (953,'Udall','KS',112.6844799000,59.9586338800);
INSERT INTO STATION(ID,CITY,STATE,LAT_N,LONG_W) VALUES (370,'Palm Desert','CA',106.8122401000,145.7556010000);
INSERT INTO STATION(ID,CITY,STATE,LAT_N,LONG_W) VALUES (614,'Benedict','KS',138.4990456000,95.7197896900);
INSERT INTO STATION(ID,CITY,STATE,LAT_N,LONG_W) VALUES (998,'Oakfield','ME',47.6576232100,132.2118817000);
INSERT INTO STATION(ID,CITY,STATE,LAT_N,LONG_W) VALUES (805,'Tamms','IL',59.8676664500,75.0516444700);
INSERT INTO STATION(ID,CITY,STATE,LAT_N,LONG_W) VALUES (235,'Haubstadt','IN',27.9889806800,32.0817084200);
INSERT INTO STATION(ID,CITY,STATE,LAT_N,LONG_W) VALUES (820,'Chokio','MN',81.3607332600,134.2321130000);
INSERT INTO STATION(ID,CITY,STATE,LAT_N,LONG_W) VALUES (650,'Clancy','MT',45.8299685400,164.3786750000);
INSERT INTO STATION(ID,CITY,STATE,LAT_N,LONG_W) VALUES (791,'Scotts Valley','CA',119.9347043000,90.9520199600);
INSERT INTO STATION(ID,CITY,STATE,LAT_N,LONG_W) VALUES (324,'Norwood','MN',144.4891504000,34.8852933600);
INSERT INTO STATION(ID,CITY,STATE,LAT_N,LONG_W) VALUES (442,'Elkton','MD',103.2547878000,156.7289171000);
INSERT INTO STATION(ID,CITY,STATE,LAT_N,LONG_W) VALUES (633,'Bertha','MN',39.9488902800,105.3111577000);
INSERT INTO STATION(ID,CITY,STATE,LAT_N,LONG_W) VALUES (109,'Bridgeport','MI',50.6898811900,79.9013785900);
INSERT INTO STATION(ID,CITY,STATE,LAT_N,LONG_W) VALUES (780,'Cherry','IL',68.2970846700,46.7038350600);
INSERT INTO STATION(ID,CITY,STATE,LAT_N,LONG_W) VALUES (492,'Regina','KY',131.5515912000,90.2382629100);
INSERT INTO STATION(ID,CITY,STATE,LAT_N,LONG_W) VALUES (965,'Griffin','GA',38.7414690400,151.7182093000);
INSERT INTO STATION(ID,CITY,STATE,LAT_N,LONG_W) VALUES (778,'Pine Bluff','AR',60.4100168700,145.7882763000);
INSERT INTO STATION(ID,CITY,STATE,LAT_N,LONG_W) VALUES (337,'Mascotte','FL',121.4608708000,146.1675503000);
INSERT INTO STATION(ID,CITY,STATE,LAT_N,LONG_W) VALUES (259,'Baldwin','MD',81.7357216500,40.4397386000);
INSERT INTO STATION(ID,CITY,STATE,LAT_N,LONG_W) VALUES (955,'Netawaka','KS',109.2057274000,119.7404946000);
INSERT INTO STATION(ID,CITY,STATE,LAT_N,LONG_W) VALUES (752,'East Irvine','CA',106.2316586000,115.2528621000);
INSERT INTO STATION(ID,CITY,STATE,LAT_N,LONG_W) VALUES (886,'Pony','MT',99.2583129200,162.8777336000);
INSERT INTO STATION(ID,CITY,STATE,LAT_N,LONG_W) VALUES (200,'Franklin','LA',82.2406279400,31.7787272500);
INSERT INTO STATION(ID,CITY,STATE,LAT_N,LONG_W) VALUES (384,'Amo','IN',103.5871398000,159.4306474000);
INSERT INTO STATION(ID,CITY,STATE,LAT_N,LONG_W) VALUES (518,'Vulcan','MO',108.6087788000,91.5613894400);
INSERT INTO STATION(ID,CITY,STATE,LAT_N,LONG_W) VALUES (188,'Prairie Du Rocher','IL',75.5769226400,70.7057988100);
INSERT INTO STATION(ID,CITY,STATE,LAT_N,LONG_W) VALUES (161,'Alanson','MI',90.6531996000,72.1195229700);
INSERT INTO STATION(ID,CITY,STATE,LAT_N,LONG_W) VALUES (486,'Delta','LA',136.5385281000,49.7308676600);
INSERT INTO STATION(ID,CITY,STATE,LAT_N,LONG_W) VALUES (406,'Carver','MN',45.8925110400,122.0696810000);
INSERT INTO STATION(ID,CITY,STATE,LAT_N,LONG_W) VALUES (940,'Paron','AR',59.1383428700,104.3412062000);
INSERT INTO STATION(ID,CITY,STATE,LAT_N,LONG_W) VALUES (237,'Winchester','ID',38.3703344300,80.0549859000);
INSERT INTO STATION(ID,CITY,STATE,LAT_N,LONG_W) VALUES (465,'Jerome','AZ',121.7110583000,34.4061039700);
INSERT INTO STATION(ID,CITY,STATE,LAT_N,LONG_W) VALUES (591,'Baton Rouge','LA',129.8353108000,71.7507484800);
INSERT INTO STATION(ID,CITY,STATE,LAT_N,LONG_W) VALUES (570,'Greenview','CA',80.5000041200,57.5880040400);
INSERT INTO STATION(ID,CITY,STATE,LAT_N,LONG_W) VALUES (429,'Lucerne Valley','CA',35.6176342900,48.4057460100);
INSERT INTO STATION(ID,CITY,STATE,LAT_N,LONG_W) VALUES (278,'Cromwell','MN',128.8462234000,53.5125406100);
INSERT INTO STATION(ID,CITY,STATE,LAT_N,LONG_W) VALUES (927,'Quinter','KS',59.5825700400,25.3613215200);
INSERT INTO STATION(ID,CITY,STATE,LAT_N,LONG_W) VALUES (59,'Whitewater','MO',82.7180974300,71.4260769600);
INSERT INTO STATION(ID,CITY,STATE,LAT_N,LONG_W) VALUES (218,'Round Pond','ME',127.4428771000,124.0040106000);
INSERT INTO STATION(ID,CITY,STATE,LAT_N,LONG_W) VALUES (291,'Clarkdale','AZ',58.1941729700,73.9478993800);
INSERT INTO STATION(ID,CITY,STATE,LAT_N,LONG_W) VALUES (668,'Rockton','IL',116.1223935000,86.8383300400);
INSERT INTO STATION(ID,CITY,STATE,LAT_N,LONG_W) VALUES (682,'Pheba','MS',90.9456098800,127.3003694000);
INSERT INTO STATION(ID,CITY,STATE,LAT_N,LONG_W) VALUES (775,'Eleele','HI',80.9097123600,152.5215045000);
INSERT INTO STATION(ID,CITY,STATE,LAT_N,LONG_W) VALUES (527,'Auburn','IA',95.4892694900,137.0748386000);
INSERT INTO STATION(ID,CITY,STATE,LAT_N,LONG_W) VALUES (108,'North Berwick','ME',70.8337171900,27.3200413500);
INSERT INTO STATION(ID,CITY,STATE,LAT_N,LONG_W) VALUES (190,'Oconee','GA',92.5622072200,119.4774310000);
INSERT INTO STATION(ID,CITY,STATE,LAT_N,LONG_W) VALUES (232,'Grandville','MI',38.8525623900,70.1377628900);
INSERT INTO STATION(ID,CITY,STATE,LAT_N,LONG_W) VALUES (405,'Susanville','CA',128.2498724000,80.3167947500);
INSERT INTO STATION(ID,CITY,STATE,LAT_N,LONG_W) VALUES (273,'Rosie','AR',72.7589687500,161.9173483000);
INSERT INTO STATION(ID,CITY,STATE,LAT_N,LONG_W) VALUES (813,'Verona','MO',109.6602903000,152.6449499000);
INSERT INTO STATION(ID,CITY,STATE,LAT_N,LONG_W) VALUES (444,'Richland','GA',105.4709117000,113.0379774000);
INSERT INTO STATION(ID,CITY,STATE,LAT_N,LONG_W) VALUES (899,'Fremont','MI',54.4713215300,150.8233711000);
INSERT INTO STATION(ID,CITY,STATE,LAT_N,LONG_W) VALUES (738,'Philipsburg','MT',95.9553186500,72.2444236500);
INSERT INTO STATION(ID,CITY,STATE,LAT_N,LONG_W) VALUES (215,'Kensett','IA',55.7229538500,139.5524526000);
INSERT INTO STATION(ID,CITY,STATE,LAT_N,LONG_W) VALUES (743,'De Tour Village','MI',25.4194894800,25.1056543400);
INSERT INTO STATION(ID,CITY,STATE,LAT_N,LONG_W) VALUES (377,'Koleen','IN',137.5485615000,110.5110324000);
INSERT INTO STATION(ID,CITY,STATE,LAT_N,LONG_W) VALUES (727,'Winslow','IL',113.1328079000,38.7145009600);
INSERT INTO STATION(ID,CITY,STATE,LAT_N,LONG_W) VALUES (363,'Reasnor','IA',41.5971014800,162.5641830000);
INSERT INTO STATION(ID,CITY,STATE,LAT_N,LONG_W) VALUES (117,'West Grove','IA',127.2347708000,99.4072105400);
INSERT INTO STATION(ID,CITY,STATE,LAT_N,LONG_W) VALUES (420,'Frankfort Heights','IL',71.6032131300,30.3732749700);
INSERT INTO STATION(ID,CITY,STATE,LAT_N,LONG_W) VALUES (888,'Bono','AR',133.2763140000,150.4963257000);
INSERT INTO STATION(ID,CITY,STATE,LAT_N,LONG_W) VALUES (784,'Biggsville','IL',85.9257870100,138.7463469000);
INSERT INTO STATION(ID,CITY,STATE,LAT_N,LONG_W) VALUES (413,'Linthicum Heights','MD',127.5633635000,67.7255892700);
INSERT INTO STATION(ID,CITY,STATE,LAT_N,LONG_W) VALUES (695,'Amazonia','MO',45.7856630400,148.2013846000);
INSERT INTO STATION(ID,CITY,STATE,LAT_N,LONG_W) VALUES (609,'Marysville','MI',85.7613473100,132.8724084000);
INSERT INTO STATION(ID,CITY,STATE,LAT_N,LONG_W) VALUES (471,'Cape Girardeau','MO',73.5045096700,90.5430944100);
INSERT INTO STATION(ID,CITY,STATE,LAT_N,LONG_W) VALUES (649,'Pengilly','MN',25.0735260600,154.0642918000);
INSERT INTO STATION(ID,CITY,STATE,LAT_N,LONG_W) VALUES (946,'Newton Center','MA',48.4069779100,144.8418196000);
INSERT INTO STATION(ID,CITY,STATE,LAT_N,LONG_W) VALUES (380,'Crane Lake','MN',72.9186996300,43.2169180800);
INSERT INTO STATION(ID,CITY,STATE,LAT_N,LONG_W) VALUES (383,'Newbury','MA',128.3982315000,85.1747002300);
INSERT INTO STATION(ID,CITY,STATE,LAT_N,LONG_W) VALUES (44,'Kismet','KS',99.8225276600,156.5035829000);
INSERT INTO STATION(ID,CITY,STATE,LAT_N,LONG_W) VALUES (433,'Canton','ME',98.7303575900,105.9734460000);
INSERT INTO STATION(ID,CITY,STATE,LAT_N,LONG_W) VALUES (283,'Clipper Mills','CA',113.7157379000,56.9534953200);
INSERT INTO STATION(ID,CITY,STATE,LAT_N,LONG_W) VALUES (474,'Grayslake','IL',61.3037421800,33.0592313100);
INSERT INTO STATION(ID,CITY,STATE,LAT_N,LONG_W) VALUES (233,'Pierre Part','LA',52.0854642700,90.0586868000);
INSERT INTO STATION(ID,CITY,STATE,LAT_N,LONG_W) VALUES (990,'Bison','KS',132.2279842000,74.8929007900);
INSERT INTO STATION(ID,CITY,STATE,LAT_N,LONG_W) VALUES (502,'Bellevue','KY',127.4330424000,121.7488466000);
INSERT INTO STATION(ID,CITY,STATE,LAT_N,LONG_W) VALUES (327,'Ridgway','CO',77.4381808100,110.2668422000);
INSERT INTO STATION(ID,CITY,STATE,LAT_N,LONG_W) VALUES (4,'South Britain','CT',65.5842193100,33.6050437900);
INSERT INTO STATION(ID,CITY,STATE,LAT_N,LONG_W) VALUES (228,'Rydal','GA',35.6835783800,78.8233734300);
INSERT INTO STATION(ID,CITY,STATE,LAT_N,LONG_W) VALUES (642,'Lynnville','KY',25.4083603100,146.4916272000);
INSERT INTO STATION(ID,CITY,STATE,LAT_N,LONG_W) VALUES (885,'Deerfield','MO',40.2136640000,35.9386994000);
INSERT INTO STATION(ID,CITY,STATE,LAT_N,LONG_W) VALUES (539,'Montreal','MO',129.2453575000,127.3259318000);
INSERT INTO STATION(ID,CITY,STATE,LAT_N,LONG_W) VALUES (202,'Hope','MN',140.3641688000,43.7290197800);
INSERT INTO STATION(ID,CITY,STATE,LAT_N,LONG_W) VALUES (593,'Aliso Viejo','CA',67.5164188500,131.4169084000);
INSERT INTO STATION(ID,CITY,STATE,LAT_N,LONG_W) VALUES (521,'Gowrie','IA',130.2024387000,127.9825354000);
INSERT INTO STATION(ID,CITY,STATE,LAT_N,LONG_W) VALUES (938,'Andersonville','GA',141.3126586000,72.5317868600);
INSERT INTO STATION(ID,CITY,STATE,LAT_N,LONG_W) VALUES (919,'Knob Lick','KY',135.8510619000,33.3900339100);
INSERT INTO STATION(ID,CITY,STATE,LAT_N,LONG_W) VALUES (528,'Crouseville','ME',36.5185121000,81.5448162400);
INSERT INTO STATION(ID,CITY,STATE,LAT_N,LONG_W) VALUES (331,'Cranks','KY',55.6091110900,27.2847122900);
INSERT INTO STATION(ID,CITY,STATE,LAT_N,LONG_W) VALUES (45,'Rives Junction','MI',94.1975092200,116.8527277000);
INSERT INTO STATION(ID,CITY,STATE,LAT_N,LONG_W) VALUES (944,'Ledyard','CT',134.5468125000,143.8149657000);
INSERT INTO STATION(ID,CITY,STATE,LAT_N,LONG_W) VALUES (949,'Norway','ME',83.8913049300,88.4074677300);
INSERT INTO STATION(ID,CITY,STATE,LAT_N,LONG_W) VALUES (88,'Eros','LA',95.1626417200,58.3134903300);
INSERT INTO STATION(ID,CITY,STATE,LAT_N,LONG_W) VALUES (878,'Rantoul','KS',31.8049293500,118.6160845000);
INSERT INTO STATION(ID,CITY,STATE,LAT_N,LONG_W) VALUES (35,'Richmond Hill','GA',39.3962580300,113.5962389000);
INSERT INTO STATION(ID,CITY,STATE,LAT_N,LONG_W) VALUES (17,'Fredericktown','MO',105.5334784000,112.6890911000);
INSERT INTO STATION(ID,CITY,STATE,LAT_N,LONG_W) VALUES (447,'Arkadelphia','AR',98.6229522800,49.5750114600);
INSERT INTO STATION(ID,CITY,STATE,LAT_N,LONG_W) VALUES (498,'Glen Carbon','IL',60.8365036000,140.7226054000);
INSERT INTO STATION(ID,CITY,STATE,LAT_N,LONG_W) VALUES (351,'Fredericksburg','IN',44.5120348900,78.0579773900);
INSERT INTO STATION(ID,CITY,STATE,LAT_N,LONG_W) VALUES (774,'Manchester','IA',129.6682154000,123.2967519000);
INSERT INTO STATION(ID,CITY,STATE,LAT_N,LONG_W) VALUES (116,'Mc Henry','MD',93.2877194600,112.5615175000);
INSERT INTO STATION(ID,CITY,STATE,LAT_N,LONG_W) VALUES (963,'Eriline','KY',93.6174794700,65.4390210400);
INSERT INTO STATION(ID,CITY,STATE,LAT_N,LONG_W) VALUES (643,'Wellington','KY',100.4511347000,31.6876083500);
INSERT INTO STATION(ID,CITY,STATE,LAT_N,LONG_W) VALUES (781,'Hoffman Estates','IL',129.4025483000,53.4212616900);
INSERT INTO STATION(ID,CITY,STATE,LAT_N,LONG_W) VALUES (364,'Howard Lake','MN',125.7573101000,78.3280770500);
INSERT INTO STATION(ID,CITY,STATE,LAT_N,LONG_W) VALUES (777,'Edgewater','MD',130.0676569000,72.2908071900);
INSERT INTO STATION(ID,CITY,STATE,LAT_N,LONG_W) VALUES (15,'Ducor','CA',140.8633607000,102.0393390000);
INSERT INTO STATION(ID,CITY,STATE,LAT_N,LONG_W) VALUES (910,'Salem','KY',86.9752472400,113.9609797000);
INSERT INTO STATION(ID,CITY,STATE,LAT_N,LONG_W) VALUES (612,'Sturdivant','MO',93.8407629800,86.3885095500);
INSERT INTO STATION(ID,CITY,STATE,LAT_N,LONG_W) VALUES (537,'Hagatna','GU',97.1732158400,151.8086289000);
INSERT INTO STATION(ID,CITY,STATE,LAT_N,LONG_W) VALUES (970,'East Haddam','CT',115.6833374000,132.3781409000);
INSERT INTO STATION(ID,CITY,STATE,LAT_N,LONG_W) VALUES (510,'Eastlake','MI',134.0938535000,38.7821291300);
INSERT INTO STATION(ID,CITY,STATE,LAT_N,LONG_W) VALUES (354,'Larkspur','CA',107.0529696000,65.9736308300);
INSERT INTO STATION(ID,CITY,STATE,LAT_N,LONG_W) VALUES (983,'Patriot','IN',82.6379508400,46.0835493200);
INSERT INTO STATION(ID,CITY,STATE,LAT_N,LONG_W) VALUES (799,'Corriganville','MD',141.3837890000,153.6500914000);
INSERT INTO STATION(ID,CITY,STATE,LAT_N,LONG_W) VALUES (581,'Carlos','MN',114.9060173000,66.2810487000);
INSERT INTO STATION(ID,CITY,STATE,LAT_N,LONG_W) VALUES (825,'Addison','MI',96.3695367400,142.4105732000);
INSERT INTO STATION(ID,CITY,STATE,LAT_N,LONG_W) VALUES (526,'Tarzana','CA',135.8603987000,81.3073130300);
INSERT INTO STATION(ID,CITY,STATE,LAT_N,LONG_W) VALUES (176,'Grapevine','AR',92.3658922500,84.5429368600);
INSERT INTO STATION(ID,CITY,STATE,LAT_N,LONG_W) VALUES (994,'Kanorado','KS',65.4207842400,85.7224923200);
INSERT INTO STATION(ID,CITY,STATE,LAT_N,LONG_W) VALUES (704,'Climax','MI',127.3563782000,107.0542747000);
INSERT INTO STATION(ID,CITY,STATE,LAT_N,LONG_W) VALUES (582,'Curdsville','KY',84.7874901200,150.4842247000);
INSERT INTO STATION(ID,CITY,STATE,LAT_N,LONG_W) VALUES (884,'Southport','CT',59.0933623800,63.1305214400);
INSERT INTO STATION(ID,CITY,STATE,LAT_N,LONG_W) VALUES (196,'Compton','IL',106.6179930000,99.4070416200);
INSERT INTO STATION(ID,CITY,STATE,LAT_N,LONG_W) VALUES (605,'Notasulga','AL',66.8442632200,115.6864036000);
INSERT INTO STATION(ID,CITY,STATE,LAT_N,LONG_W) VALUES (430,'Rumsey','KY',70.6921152000,50.2122756000);
INSERT INTO STATION(ID,CITY,STATE,LAT_N,LONG_W) VALUES (234,'Rogers','CT',140.4723914000,33.1833567300);
INSERT INTO STATION(ID,CITY,STATE,LAT_N,LONG_W) VALUES (700,'Pleasant Grove','AR',135.1358062000,145.5898330000);
INSERT INTO STATION(ID,CITY,STATE,LAT_N,LONG_W) VALUES (702,'Everton','MO',119.0469849000,51.4851296700);
INSERT INTO STATION(ID,CITY,STATE,LAT_N,LONG_W) VALUES (662,'Skanee','MI',70.1724149000,129.5593113000);
INSERT INTO STATION(ID,CITY,STATE,LAT_N,LONG_W) VALUES (171,'Springerville','AZ',124.6882036000,150.6628287000);
INSERT INTO STATION(ID,CITY,STATE,LAT_N,LONG_W) VALUES (615,'Libertytown','MD',144.5783185000,111.9744225000);
INSERT INTO STATION(ID,CITY,STATE,LAT_N,LONG_W) VALUES (26,'Church Creek','MD',39.4314815700,91.2580912600);
INSERT INTO STATION(ID,CITY,STATE,LAT_N,LONG_W) VALUES (692,'Yellow Pine','ID',83.1225728600,150.8949096000);
INSERT INTO STATION(ID,CITY,STATE,LAT_N,LONG_W) VALUES (336,'Dumont','MN',57.0124315000,129.3675605000);
INSERT INTO STATION(ID,CITY,STATE,LAT_N,LONG_W) VALUES (464,'Gales Ferry','CT',104.5686160000,37.4148061000);
INSERT INTO STATION(ID,CITY,STATE,LAT_N,LONG_W) VALUES (315,'Ravenna','KY',79.1546716900,106.2521720000);
INSERT INTO STATION(ID,CITY,STATE,LAT_N,LONG_W) VALUES (505,'Williams','AZ',73.4810091300,111.7413889000);
INSERT INTO STATION(ID,CITY,STATE,LAT_N,LONG_W) VALUES (842,'Decatur','MI',63.3115408500,161.4235787000);
INSERT INTO STATION(ID,CITY,STATE,LAT_N,LONG_W) VALUES (982,'Holbrook','AZ',134.8838521000,103.8569792000);
INSERT INTO STATION(ID,CITY,STATE,LAT_N,LONG_W) VALUES (868,'Sherrill','AR',79.9644072700,152.2197289000);
INSERT INTO STATION(ID,CITY,STATE,LAT_N,LONG_W) VALUES (554,'Brownsdale','MN',52.4264666400,50.7983630400);
INSERT INTO STATION(ID,CITY,STATE,LAT_N,LONG_W) VALUES (199,'Linden','MI',53.4111621800,32.6242220600);
INSERT INTO STATION(ID,CITY,STATE,LAT_N,LONG_W) VALUES (453,'Sedgwick','AR',68.9333441800,75.2941859500);
INSERT INTO STATION(ID,CITY,STATE,LAT_N,LONG_W) VALUES (451,'Fort Atkinson','IA',142.8573871000,140.6362117000);
INSERT INTO STATION(ID,CITY,STATE,LAT_N,LONG_W) VALUES (950,'Peachtree City','GA',80.4921245000,155.9823395000);
INSERT INTO STATION(ID,CITY,STATE,LAT_N,LONG_W) VALUES (326,'Rocheport','MO',114.1631590000,64.4821655300);
INSERT INTO STATION(ID,CITY,STATE,LAT_N,LONG_W) VALUES (189,'West Somerset','KY',73.9692683300,45.0566682800);
INSERT INTO STATION(ID,CITY,STATE,LAT_N,LONG_W) VALUES (638,'Clovis','CA',92.4396529900,138.0751933000);
INSERT INTO STATION(ID,CITY,STATE,LAT_N,LONG_W) VALUES (156,'Heyburn','ID',82.0861119500,121.0459768000);
INSERT INTO STATION(ID,CITY,STATE,LAT_N,LONG_W) VALUES (861,'Peabody','KS',75.4161481600,152.2100746000);
INSERT INTO STATION(ID,CITY,STATE,LAT_N,LONG_W) VALUES (722,'Marion Junction','AL',53.3245729800,31.3369679800);
INSERT INTO STATION(ID,CITY,STATE,LAT_N,LONG_W) VALUES (428,'Randall','KS',47.9977280600,135.6275983000);
INSERT INTO STATION(ID,CITY,STATE,LAT_N,LONG_W) VALUES (677,'Hayesville','IA',119.9881564000,42.1271934900);
INSERT INTO STATION(ID,CITY,STATE,LAT_N,LONG_W) VALUES (183,'Jordan','MN',68.7463892800,35.4622850300);
INSERT INTO STATION(ID,CITY,STATE,LAT_N,LONG_W) VALUES (322,'White Horse Beach','MA',54.2863686700,59.3248348400);
INSERT INTO STATION(ID,CITY,STATE,LAT_N,LONG_W) VALUES (827,'Greenville','IL',50.6372968900,153.0238915000);
INSERT INTO STATION(ID,CITY,STATE,LAT_N,LONG_W) VALUES (242,'Macy','IN',138.6944770000,152.3694449000);
INSERT INTO STATION(ID,CITY,STATE,LAT_N,LONG_W) VALUES (621,'Flowood','MS',64.8887703500,149.2064111000);
INSERT INTO STATION(ID,CITY,STATE,LAT_N,LONG_W) VALUES (960,'Deep River','IA',75.3728161700,38.5668881400);
INSERT INTO STATION(ID,CITY,STATE,LAT_N,LONG_W) VALUES (180,'Napoleon','IN',32.0332562600,160.2402958000);
INSERT INTO STATION(ID,CITY,STATE,LAT_N,LONG_W) VALUES (382,'Leavenworth','IN',100.4326724000,121.7334554000);
INSERT INTO STATION(ID,CITY,STATE,LAT_N,LONG_W) VALUES (853,'Coldwater','KS',47.5061751700,26.3100264500);
INSERT INTO STATION(ID,CITY,STATE,LAT_N,LONG_W) VALUES (105,'Weldon','CA',134.0156771000,118.9609382000);
INSERT INTO STATION(ID,CITY,STATE,LAT_N,LONG_W) VALUES (357,'Yellville','AR',35.6871043400,42.2465866400);
INSERT INTO STATION(ID,CITY,STATE,LAT_N,LONG_W) VALUES (710,'Turners Falls','MA',31.0872626500,125.0944216000);
INSERT INTO STATION(ID,CITY,STATE,LAT_N,LONG_W) VALUES (520,'Delray Beach','FL',27.2867514100,158.5234960000);
INSERT INTO STATION(ID,CITY,STATE,LAT_N,LONG_W) VALUES (920,'Eustis','FL',42.7363096400,39.4833609100);
INSERT INTO STATION(ID,CITY,STATE,LAT_N,LONG_W) VALUES (684,'Mineral Point','MO',91.1983162500,41.4298014200);
INSERT INTO STATION(ID,CITY,STATE,LAT_N,LONG_W) VALUES (355,'Weldona','CO',32.9672720400,58.4491769500);
INSERT INTO STATION(ID,CITY,STATE,LAT_N,LONG_W) VALUES (389,'Midpines','CA',106.4324573000,59.3835860800);
INSERT INTO STATION(ID,CITY,STATE,LAT_N,LONG_W) VALUES (303,'Cascade','ID',31.7716882800,157.4787824000);
INSERT INTO STATION(ID,CITY,STATE,LAT_N,LONG_W) VALUES (501,'Tefft','IN',93.2152707400,150.0159946000);
INSERT INTO STATION(ID,CITY,STATE,LAT_N,LONG_W) VALUES (673,'Showell','MD',44.1885821900,163.5375464000);
INSERT INTO STATION(ID,CITY,STATE,LAT_N,LONG_W) VALUES (834,'Bayville','ME',106.7349403000,143.4078424000);
INSERT INTO STATION(ID,CITY,STATE,LAT_N,LONG_W) VALUES (255,'Brighton','IL',107.6050821000,32.8488205800);
INSERT INTO STATION(ID,CITY,STATE,LAT_N,LONG_W) VALUES (595,'Grimes','IA',42.0501962300,74.7331491300);
INSERT INTO STATION(ID,CITY,STATE,LAT_N,LONG_W) VALUES (709,'Nubieber','CA',132.9033933000,49.2776120500);
INSERT INTO STATION(ID,CITY,STATE,LAT_N,LONG_W) VALUES (100,'North Monmouth','ME',130.9470284000,78.1720794000);
INSERT INTO STATION(ID,CITY,STATE,LAT_N,LONG_W) VALUES (522,'Harmony','MN',124.3596204000,126.3744558000);
INSERT INTO STATION(ID,CITY,STATE,LAT_N,LONG_W) VALUES (16,'Beaufort','MO',71.7741806400,85.6574183800);
INSERT INTO STATION(ID,CITY,STATE,LAT_N,LONG_W) VALUES (231,'Arispe','IA',31.1114963500,137.7968198000);
INSERT INTO STATION(ID,CITY,STATE,LAT_N,LONG_W) VALUES (923,'Union Star','MO',79.0719327200,132.6554698000);
INSERT INTO STATION(ID,CITY,STATE,LAT_N,LONG_W) VALUES (891,'Humeston','IA',74.5122239400,122.4246326000);
INSERT INTO STATION(ID,CITY,STATE,LAT_N,LONG_W) VALUES (165,'Baileyville','IL',82.2546804300,61.4530581600);
INSERT INTO STATION(ID,CITY,STATE,LAT_N,LONG_W) VALUES (757,'Lakeville','CT',59.8686701200,94.9886017400);
INSERT INTO STATION(ID,CITY,STATE,LAT_N,LONG_W) VALUES (506,'Firebrick','KY',49.9918393400,95.0390071200);
INSERT INTO STATION(ID,CITY,STATE,LAT_N,LONG_W) VALUES (76,'Pico Rivera','CA',143.2779102000,116.5329052000);
INSERT INTO STATION(ID,CITY,STATE,LAT_N,LONG_W) VALUES (246,'Ludington','MI',30.2216708200,120.2292117000);
INSERT INTO STATION(ID,CITY,STATE,LAT_N,LONG_W) VALUES (583,'Channing','MI',117.1645417000,56.9512447800);
INSERT INTO STATION(ID,CITY,STATE,LAT_N,LONG_W) VALUES (666,'West Baden Springs','IN',30.3479685800,96.1092558100);
INSERT INTO STATION(ID,CITY,STATE,LAT_N,LONG_W) VALUES (373,'Pawnee','IL',85.2331891600,81.4161358500);
INSERT INTO STATION(ID,CITY,STATE,LAT_N,LONG_W) VALUES (504,'Melber','KY',37.2488485400,55.5333515900);
INSERT INTO STATION(ID,CITY,STATE,LAT_N,LONG_W) VALUES (901,'Manchester','MN',71.0209801200,84.0075292200);
INSERT INTO STATION(ID,CITY,STATE,LAT_N,LONG_W) VALUES (306,'Bainbridge','GA',62.0528251500,56.8764458000);
INSERT INTO STATION(ID,CITY,STATE,LAT_N,LONG_W) VALUES (821,'Sanders','AZ',130.5003609000,96.7792568600);
INSERT INTO STATION(ID,CITY,STATE,LAT_N,LONG_W) VALUES (586,'Ottertail','MN',100.0240382000,44.3416548100);
INSERT INTO STATION(ID,CITY,STATE,LAT_N,LONG_W) VALUES (95,'Dupo','IL',41.2834229700,29.0334292900);
INSERT INTO STATION(ID,CITY,STATE,LAT_N,LONG_W) VALUES (524,'Montrose','CA',136.4765033000,119.3735580000);
INSERT INTO STATION(ID,CITY,STATE,LAT_N,LONG_W) VALUES (716,'Schleswig','IA',119.2539069000,51.8810853800);
INSERT INTO STATION(ID,CITY,STATE,LAT_N,LONG_W) VALUES (849,'Harbor Springs','MI',141.3013054000,148.8592992000);
INSERT INTO STATION(ID,CITY,STATE,LAT_N,LONG_W) VALUES (611,'Richmond','IL',113.2485902000,163.4569608000);
INSERT INTO STATION(ID,CITY,STATE,LAT_N,LONG_W) VALUES (904,'Ermine','KY',119.6401426000,62.7981262700);
INSERT INTO STATION(ID,CITY,STATE,LAT_N,LONG_W) VALUES (740,'Siler','KY',137.0193079000,117.2464806000);
INSERT INTO STATION(ID,CITY,STATE,LAT_N,LONG_W) VALUES (439,'Reeves','LA',35.2531060800,51.4005462200);
INSERT INTO STATION(ID,CITY,STATE,LAT_N,LONG_W) VALUES (57,'Clifton','AZ',30.1546389800,135.7025933000);
INSERT INTO STATION(ID,CITY,STATE,LAT_N,LONG_W) VALUES (155,'Casco','MI',138.5984073000,109.0728819000);
INSERT INTO STATION(ID,CITY,STATE,LAT_N,LONG_W) VALUES (755,'Sturgis','MI',117.3924210000,135.3989883000);
INSERT INTO STATION(ID,CITY,STATE,LAT_N,LONG_W) VALUES (11,'Crescent City','FL',58.0396424800,117.9040740000);
INSERT INTO STATION(ID,CITY,STATE,LAT_N,LONG_W) VALUES (287,'Madisonville','LA',112.2163874000,53.0460361900);
INSERT INTO STATION(ID,CITY,STATE,LAT_N,LONG_W) VALUES (435,'Albion','IN',44.2584494400,121.8753316000);
INSERT INTO STATION(ID,CITY,STATE,LAT_N,LONG_W) VALUES (672,'Lismore','MN',58.8714297100,103.8693391000);
INSERT INTO STATION(ID,CITY,STATE,LAT_N,LONG_W) VALUES (572,'Athens','IN',75.3210400800,120.7983748000);
INSERT INTO STATION(ID,CITY,STATE,LAT_N,LONG_W) VALUES (890,'Eufaula','AL',140.2958283000,103.0868213000);
INSERT INTO STATION(ID,CITY,STATE,LAT_N,LONG_W) VALUES (975,'Panther Burn','MS',116.5112680000,164.5153249000);
INSERT INTO STATION(ID,CITY,STATE,LAT_N,LONG_W) VALUES (914,'Hanscom Afb','MA',129.1866507000,136.4061533000);
INSERT INTO STATION(ID,CITY,STATE,LAT_N,LONG_W) VALUES (119,'Wildie','KY',69.6581298700,111.8552379000);
INSERT INTO STATION(ID,CITY,STATE,LAT_N,LONG_W) VALUES (540,'Mosca','CO',89.2044133500,141.4811419000);
INSERT INTO STATION(ID,CITY,STATE,LAT_N,LONG_W) VALUES (678,'Bennington','IN',35.5210732100,26.8036220700);
INSERT INTO STATION(ID,CITY,STATE,LAT_N,LONG_W) VALUES (208,'Lottie','LA',109.8672979000,82.7665014400);
INSERT INTO STATION(ID,CITY,STATE,LAT_N,LONG_W) VALUES (512,'Garland','ME',108.7311062000,134.3750565000);
INSERT INTO STATION(ID,CITY,STATE,LAT_N,LONG_W) VALUES (352,'Clutier','IA',61.1888319000,127.0339038000);
INSERT INTO STATION(ID,CITY,STATE,LAT_N,LONG_W) VALUES (948,'Lupton','MI',139.9255926000,53.3639718100);
INSERT INTO STATION(ID,CITY,STATE,LAT_N,LONG_W) VALUES (503,'Northfield','MN',61.0020777500,37.1533552200);
INSERT INTO STATION(ID,CITY,STATE,LAT_N,LONG_W) VALUES (288,'Daleville','AL',121.8865105000,136.1704398000);
INSERT INTO STATION(ID,CITY,STATE,LAT_N,LONG_W) VALUES (560,'Osage City','KS',110.2040149000,89.6074362700);
INSERT INTO STATION(ID,CITY,STATE,LAT_N,LONG_W) VALUES (479,'Cuba','MO',63.7191611400,87.6484331300);
INSERT INTO STATION(ID,CITY,STATE,LAT_N,LONG_W) VALUES (826,'Norris','MT',47.1855034200,37.2572735300);
INSERT INTO STATION(ID,CITY,STATE,LAT_N,LONG_W) VALUES (651,'Clopton','AL',40.7710435800,84.7067833900);
INSERT INTO STATION(ID,CITY,STATE,LAT_N,LONG_W) VALUES (143,'Renville','MN',142.1513936000,99.4320131300);
INSERT INTO STATION(ID,CITY,STATE,LAT_N,LONG_W) VALUES (240,'Saint Paul','KS',66.2139565600,163.0077619000);
INSERT INTO STATION(ID,CITY,STATE,LAT_N,LONG_W) VALUES (102,'Kirksville','MO',140.0030631000,143.8709979000);
INSERT INTO STATION(ID,CITY,STATE,LAT_N,LONG_W) VALUES (69,'Kingsland','AR',78.2248763400,85.1385766700);
INSERT INTO STATION(ID,CITY,STATE,LAT_N,LONG_W) VALUES (181,'Fairview','KS',80.2713355600,164.5798928000);
INSERT INTO STATION(ID,CITY,STATE,LAT_N,LONG_W) VALUES (175,'Lydia','LA',41.7823738600,39.5303791900);
INSERT INTO STATION(ID,CITY,STATE,LAT_N,LONG_W) VALUES (80,'Bridgton','ME',93.2257481000,140.4154640000);
INSERT INTO STATION(ID,CITY,STATE,LAT_N,LONG_W) VALUES (596,'Brownstown','IL',48.6521881100,63.2209572300);
INSERT INTO STATION(ID,CITY,STATE,LAT_N,LONG_W) VALUES (301,'Monona','IA',144.1294884000,81.5780399600);
INSERT INTO STATION(ID,CITY,STATE,LAT_N,LONG_W) VALUES (987,'Hartland','MI',136.2638918000,107.7380670000);
INSERT INTO STATION(ID,CITY,STATE,LAT_N,LONG_W) VALUES (973,'Andover','CT',51.7401850100,52.5323036900);
INSERT INTO STATION(ID,CITY,STATE,LAT_N,LONG_W) VALUES (981,'Lakota','IA',56.1541367500,92.3861256900);
INSERT INTO STATION(ID,CITY,STATE,LAT_N,LONG_W) VALUES (440,'Grand Terrace','CA',37.3104416700,126.5856106000);
INSERT INTO STATION(ID,CITY,STATE,LAT_N,LONG_W) VALUES (110,'Mesick','MI',82.1244603600,108.5283528000);
INSERT INTO STATION(ID,CITY,STATE,LAT_N,LONG_W) VALUES (396,'Dryden','MI',69.8018252300,47.7436689000);
INSERT INTO STATION(ID,CITY,STATE,LAT_N,LONG_W) VALUES (637,'Beverly','KY',57.7545009400,126.8958422000);
INSERT INTO STATION(ID,CITY,STATE,LAT_N,LONG_W) VALUES (566,'Marine On Saint Croix','MN',126.1597844000,115.7915363000);
INSERT INTO STATION(ID,CITY,STATE,LAT_N,LONG_W) VALUES (801,'Pocahontas','IL',109.6304686000,83.2310949400);
INSERT INTO STATION(ID,CITY,STATE,LAT_N,LONG_W) VALUES (739,'Fort Meade','FL',43.9865766500,35.2970938400);
INSERT INTO STATION(ID,CITY,STATE,LAT_N,LONG_W) VALUES (130,'Hayneville','AL',109.7380661000,157.4686782000);
INSERT INTO STATION(ID,CITY,STATE,LAT_N,LONG_W) VALUES (345,'Yoder','IN',83.4994658100,143.7158260000);
INSERT INTO STATION(ID,CITY,STATE,LAT_N,LONG_W) VALUES (851,'Gatewood','MO',76.3156273300,145.6683330000);
INSERT INTO STATION(ID,CITY,STATE,LAT_N,LONG_W) VALUES (489,'Madden','MS',81.3422321800,99.3799825700);
INSERT INTO STATION(ID,CITY,STATE,LAT_N,LONG_W) VALUES (223,'Losantville','IN',112.5187171000,106.7760547000);
INSERT INTO STATION(ID,CITY,STATE,LAT_N,LONG_W) VALUES (538,'Cheswold','DE',31.9374373300,59.3468951900);
INSERT INTO STATION(ID,CITY,STATE,LAT_N,LONG_W) VALUES (329,'Caseville','MI',102.9200706000,98.4033735000);
INSERT INTO STATION(ID,CITY,STATE,LAT_N,LONG_W) VALUES (815,'Pomona','MO',52.3334681800,50.2822250700);
INSERT INTO STATION(ID,CITY,STATE,LAT_N,LONG_W) VALUES (789,'Hopkinsville','KY',27.3187289300,47.9465291900);
INSERT INTO STATION(ID,CITY,STATE,LAT_N,LONG_W) VALUES (269,'Jack','AL',49.9370302300,85.6281732600);
INSERT INTO STATION(ID,CITY,STATE,LAT_N,LONG_W) VALUES (969,'Dixie','GA',27.2171379100,36.4737889900);
INSERT INTO STATION(ID,CITY,STATE,LAT_N,LONG_W) VALUES (271,'Hillside','CO',99.2655816400,68.8435268400);
INSERT INTO STATION(ID,CITY,STATE,LAT_N,LONG_W) VALUES (667,'Hawarden','IA',90.9616154500,46.9325560200);
INSERT INTO STATION(ID,CITY,STATE,LAT_N,LONG_W) VALUES (350,'Cannonsburg','MI',91.0335166700,120.6696799000);
INSERT INTO STATION(ID,CITY,STATE,LAT_N,LONG_W) VALUES (49,'Osborne','KS',70.3616832700,139.7111654000);
INSERT INTO STATION(ID,CITY,STATE,LAT_N,LONG_W) VALUES (332,'Elm Grove','LA',45.9437623800,29.4014281400);
INSERT INTO STATION(ID,CITY,STATE,LAT_N,LONG_W) VALUES (172,'Atlantic Mine','MI',131.2317773000,99.4668726800);
INSERT INTO STATION(ID,CITY,STATE,LAT_N,LONG_W) VALUES (699,'North Branford','CT',37.7992448800,95.2709737500);
INSERT INTO STATION(ID,CITY,STATE,LAT_N,LONG_W) VALUES (417,'New Liberty','IA',139.9576338000,94.6040215900);
INSERT INTO STATION(ID,CITY,STATE,LAT_N,LONG_W) VALUES (99,'Woodstock Valley','CT',117.3945666000,162.6313182000);
INSERT INTO STATION(ID,CITY,STATE,LAT_N,LONG_W) VALUES (404,'Farmington','IL',91.7144044000,72.0223174000);
INSERT INTO STATION(ID,CITY,STATE,LAT_N,LONG_W) VALUES (23,'Honolulu','HI',110.1019550000,139.7437776000);
INSERT INTO STATION(ID,CITY,STATE,LAT_N,LONG_W) VALUES (1,'Pfeifer','KS',37.4447804700,65.6849125200);
INSERT INTO STATION(ID,CITY,STATE,LAT_N,LONG_W) VALUES (127,'Oshtemo','MI',100.3702957000,135.9503227000);
INSERT INTO STATION(ID,CITY,STATE,LAT_N,LONG_W) VALUES (657,'Gridley','KS',118.1450367000,55.8017845400);
INSERT INTO STATION(ID,CITY,STATE,LAT_N,LONG_W) VALUES (261,'Fulton','KY',111.1099272000,51.9333688000);
INSERT INTO STATION(ID,CITY,STATE,LAT_N,LONG_W) VALUES (182,'Winter Park','FL',133.2328303000,32.7552315900);
INSERT INTO STATION(ID,CITY,STATE,LAT_N,LONG_W) VALUES (328,'Monroe','LA',28.3566595600,108.4230828000);
INSERT INTO STATION(ID,CITY,STATE,LAT_N,LONG_W) VALUES (779,'Del Mar','CA',59.1787894800,95.7703215000);
INSERT INTO STATION(ID,CITY,STATE,LAT_N,LONG_W) VALUES (646,'Greens Fork','IN',133.9202472000,135.4831973000);
INSERT INTO STATION(ID,CITY,STATE,LAT_N,LONG_W) VALUES (756,'Garden City','AL',96.0790827200,105.4245193000);
INSERT INTO STATION(ID,CITY,STATE,LAT_N,LONG_W) VALUES (157,'Blue River','KY',116.9576347000,161.9999536000);
INSERT INTO STATION(ID,CITY,STATE,LAT_N,LONG_W) VALUES (400,'New Ross','IN',134.0171278000,120.9457064000);
INSERT INTO STATION(ID,CITY,STATE,LAT_N,LONG_W) VALUES (61,'Brilliant','AL',86.4433245200,159.8521168000);
INSERT INTO STATION(ID,CITY,STATE,LAT_N,LONG_W) VALUES (610,'Archie','MO',40.2010732600,28.2044907200);
INSERT INTO STATION(ID,CITY,STATE,LAT_N,LONG_W) VALUES (985,'Winslow','AR',126.1369390000,126.1174067000);
INSERT INTO STATION(ID,CITY,STATE,LAT_N,LONG_W) VALUES (207,'Olmitz','KS',29.2389167400,38.4022475400);
INSERT INTO STATION(ID,CITY,STATE,LAT_N,LONG_W) VALUES (941,'Allerton','IA',61.8414944900,112.5029954000);
INSERT INTO STATION(ID,CITY,STATE,LAT_N,LONG_W) VALUES (70,'Norphlet','AR',144.0236478000,61.1937635200);
INSERT INTO STATION(ID,CITY,STATE,LAT_N,LONG_W) VALUES (343,'Mechanic Falls','ME',71.6703701700,71.1221787900);
INSERT INTO STATION(ID,CITY,STATE,LAT_N,LONG_W) VALUES (531,'North Middletown','KY',42.9881136400,141.9110269000);
INSERT INTO STATION(ID,CITY,STATE,LAT_N,LONG_W) VALUES (996,'Keyes','CA',76.9679430400,85.6062989900);
INSERT INTO STATION(ID,CITY,STATE,LAT_N,LONG_W) VALUES (167,'Equality','AL',106.9827016000,116.0551095000);
INSERT INTO STATION(ID,CITY,STATE,LAT_N,LONG_W) VALUES (750,'Neon','KY',101.9782171000,147.6742197000);
INSERT INTO STATION(ID,CITY,STATE,LAT_N,LONG_W) VALUES (410,'Calhoun','KY',95.5960814400,56.9022259300);
INSERT INTO STATION(ID,CITY,STATE,LAT_N,LONG_W) VALUES (725,'Alpine','AR',116.8197146000,114.6480471000);
INSERT INTO STATION(ID,CITY,STATE,LAT_N,LONG_W) VALUES (988,'Mullan','ID',143.2982072000,154.6730256000);
INSERT INTO STATION(ID,CITY,STATE,LAT_N,LONG_W) VALUES (55,'Coalgood','KY',57.1709310600,149.0199479000);
INSERT INTO STATION(ID,CITY,STATE,LAT_N,LONG_W) VALUES (640,'Walnut','MS',40.9363282600,76.9615994200);
INSERT INTO STATION(ID,CITY,STATE,LAT_N,LONG_W) VALUES (302,'Saint Petersburg','FL',51.7059963300,119.8633195000);
INSERT INTO STATION(ID,CITY,STATE,LAT_N,LONG_W) VALUES (387,'Ojai','CA',68.6141099800,119.3268593000);
INSERT INTO STATION(ID,CITY,STATE,LAT_N,LONG_W) VALUES (476,'Julian','CA',130.5068313000,101.5586762000);
INSERT INTO STATION(ID,CITY,STATE,LAT_N,LONG_W) VALUES (907,'Veedersburg','IN',78.8963919700,94.8547536400);
INSERT INTO STATION(ID,CITY,STATE,LAT_N,LONG_W) VALUES (294,'Orange Park','FL',59.2194907700,137.3062222000);
INSERT INTO STATION(ID,CITY,STATE,LAT_N,LONG_W) VALUES (661,'Payson','AZ',126.3006665000,154.1581522000);
INSERT INTO STATION(ID,CITY,STATE,LAT_N,LONG_W) VALUES (745,'Windom','KS',114.1911261000,126.3861311000);
INSERT INTO STATION(ID,CITY,STATE,LAT_N,LONG_W) VALUES (631,'Urbana','IA',142.5259070000,29.3535608000);
INSERT INTO STATION(ID,CITY,STATE,LAT_N,LONG_W) VALUES (356,'Ludlow','CA',110.9935346000,87.5889856000);
INSERT INTO STATION(ID,CITY,STATE,LAT_N,LONG_W) VALUES (419,'Lindsay','MT',143.1029143000,67.8431593500);
INSERT INTO STATION(ID,CITY,STATE,LAT_N,LONG_W) VALUES (494,'Palatka','FL',94.5452423700,52.3288883500);
INSERT INTO STATION(ID,CITY,STATE,LAT_N,LONG_W) VALUES (625,'Bristol','ME',87.9680741400,95.2885000600);
INSERT INTO STATION(ID,CITY,STATE,LAT_N,LONG_W) VALUES (459,'Harmony','IN',135.0209241000,70.8252002300);
INSERT INTO STATION(ID,CITY,STATE,LAT_N,LONG_W) VALUES (636,'Ukiah','CA',86.9807406500,89.5821511900);
INSERT INTO STATION(ID,CITY,STATE,LAT_N,LONG_W) VALUES (106,'Yuma','AZ',111.3250449000,153.9544591000);
INSERT INTO STATION(ID,CITY,STATE,LAT_N,LONG_W) VALUES (204,'Alba','MI',91.6374264000,103.6339603000);
INSERT INTO STATION(ID,CITY,STATE,LAT_N,LONG_W) VALUES (344,'Zachary','LA',60.7090449400,152.4891268000);
INSERT INTO STATION(ID,CITY,STATE,LAT_N,LONG_W) VALUES (599,'Esmond','IL',75.5544247100,90.9238071900);
INSERT INTO STATION(ID,CITY,STATE,LAT_N,LONG_W) VALUES (515,'Waresboro','GA',144.2468197000,153.6063421000);
INSERT INTO STATION(ID,CITY,STATE,LAT_N,LONG_W) VALUES (497,'Hills','MN',137.9673743000,134.7732604000);
INSERT INTO STATION(ID,CITY,STATE,LAT_N,LONG_W) VALUES (162,'Montgomery City','MO',70.4431272600,44.6656582000);
INSERT INTO STATION(ID,CITY,STATE,LAT_N,LONG_W) VALUES (499,'Delavan','MN',32.5776660800,64.5136694400);
INSERT INTO STATION(ID,CITY,STATE,LAT_N,LONG_W) VALUES (362,'Magnolia','MS',112.7433771000,31.7992904000);
INSERT INTO STATION(ID,CITY,STATE,LAT_N,LONG_W) VALUES (545,'Byron','CA',136.5105235000,120.4150088000);
INSERT INTO STATION(ID,CITY,STATE,LAT_N,LONG_W) VALUES (712,'Dundee','IA',61.6022030600,105.0400041000);
INSERT INTO STATION(ID,CITY,STATE,LAT_N,LONG_W) VALUES (257,'Eureka Springs','AR',72.0581105200,34.7837926800);
INSERT INTO STATION(ID,CITY,STATE,LAT_N,LONG_W) VALUES (154,'Baker','CA',31.0460308400,148.4583053000);
INSERT INTO STATION(ID,CITY,STATE,LAT_N,LONG_W) VALUES (715,'Hyde Park','MA',65.0914004000,156.2447451000);
INSERT INTO STATION(ID,CITY,STATE,LAT_N,LONG_W) VALUES (493,'Groveoak','AL',53.3876660700,87.5140443200);
INSERT INTO STATION(ID,CITY,STATE,LAT_N,LONG_W) VALUES (836,'Kenner','LA',91.7382538600,126.5686480000);
INSERT INTO STATION(ID,CITY,STATE,LAT_N,LONG_W) VALUES (82,'Many','LA',36.2798914400,94.7304909900);
INSERT INTO STATION(ID,CITY,STATE,LAT_N,LONG_W) VALUES (644,'Seward','AK',120.2916666000,35.7096209300);
INSERT INTO STATION(ID,CITY,STATE,LAT_N,LONG_W) VALUES (391,'Berryton','KS',60.7268360400,139.7644481000);
INSERT INTO STATION(ID,CITY,STATE,LAT_N,LONG_W) VALUES (696,'Chilhowee','MO',79.6079445700,49.3575049400);
INSERT INTO STATION(ID,CITY,STATE,LAT_N,LONG_W) VALUES (905,'Newark','IL',72.5304149100,129.8890512000);
INSERT INTO STATION(ID,CITY,STATE,LAT_N,LONG_W) VALUES (81,'Cowgill','MO',136.7968514000,27.6443786900);
INSERT INTO STATION(ID,CITY,STATE,LAT_N,LONG_W) VALUES (31,'Novinger','MO',108.0363353000,111.9051940000);
INSERT INTO STATION(ID,CITY,STATE,LAT_N,LONG_W) VALUES (299,'Goodman','MS',101.4399417000,117.2836453000);
INSERT INTO STATION(ID,CITY,STATE,LAT_N,LONG_W) VALUES (84,'Cobalt','CT',87.3206559300,26.5320314800);
INSERT INTO STATION(ID,CITY,STATE,LAT_N,LONG_W) VALUES (754,'South Haven','MI',144.6571707000,52.7858177300);
INSERT INTO STATION(ID,CITY,STATE,LAT_N,LONG_W) VALUES (144,'Eskridge','KS',107.6258317000,63.4942554800);
INSERT INTO STATION(ID,CITY,STATE,LAT_N,LONG_W) VALUES (305,'Bennington','KS',93.8672936900,83.2352278100);
INSERT INTO STATION(ID,CITY,STATE,LAT_N,LONG_W) VALUES (226,'Decatur','MS',71.2471424200,117.5656331000);
INSERT INTO STATION(ID,CITY,STATE,LAT_N,LONG_W) VALUES (224,'West Hyannisport','MA',58.9609148600,96.0147584300);
INSERT INTO STATION(ID,CITY,STATE,LAT_N,LONG_W) VALUES (694,'Ozona','FL',144.9890627000,120.8800876000);
INSERT INTO STATION(ID,CITY,STATE,LAT_N,LONG_W) VALUES (623,'Jackson','AL',111.2337497000,67.2351278300);
INSERT INTO STATION(ID,CITY,STATE,LAT_N,LONG_W) VALUES (543,'Lapeer','MI',128.6213550000,114.2603286000);
INSERT INTO STATION(ID,CITY,STATE,LAT_N,LONG_W) VALUES (819,'Peaks Island','ME',59.1404627600,110.6921368000);
INSERT INTO STATION(ID,CITY,STATE,LAT_N,LONG_W) VALUES (243,'Hazlehurst','MS',49.0268736600,108.5047274000);
INSERT INTO STATION(ID,CITY,STATE,LAT_N,LONG_W) VALUES (457,'Chester','CA',69.8129509200,123.9310828000);
INSERT INTO STATION(ID,CITY,STATE,LAT_N,LONG_W) VALUES (871,'Clarkston','MI',93.9409251100,80.5382687600);
INSERT INTO STATION(ID,CITY,STATE,LAT_N,LONG_W) VALUES (470,'Healdsburg','CA',111.0990566000,54.2233926800);
INSERT INTO STATION(ID,CITY,STATE,LAT_N,LONG_W) VALUES (705,'Hotchkiss','CO',69.8960105200,71.8204765000);
INSERT INTO STATION(ID,CITY,STATE,LAT_N,LONG_W) VALUES (690,'Ravenden Springs','AR',67.6283806100,108.2637595000);
INSERT INTO STATION(ID,CITY,STATE,LAT_N,LONG_W) VALUES (62,'Monroe','AR',131.9009853000,150.2191899000);
INSERT INTO STATION(ID,CITY,STATE,LAT_N,LONG_W) VALUES (365,'Payson','IL',81.7358139300,92.1148894900);
INSERT INTO STATION(ID,CITY,STATE,LAT_N,LONG_W) VALUES (922,'Kell','IL',70.3582986100,58.7442278300);
INSERT INTO STATION(ID,CITY,STATE,LAT_N,LONG_W) VALUES (838,'Strasburg','CO',89.3969009800,47.8944128400);
INSERT INTO STATION(ID,CITY,STATE,LAT_N,LONG_W) VALUES (286,'Five Points','AL',45.6601846900,122.2230485000);
INSERT INTO STATION(ID,CITY,STATE,LAT_N,LONG_W) VALUES (968,'Norris City','IL',53.6724568500,76.1050462500);
INSERT INTO STATION(ID,CITY,STATE,LAT_N,LONG_W) VALUES (928,'Coaling','AL',144.2558559000,52.2061892500);
INSERT INTO STATION(ID,CITY,STATE,LAT_N,LONG_W) VALUES (746,'Orange City','IA',93.5327056100,162.9473363000);
INSERT INTO STATION(ID,CITY,STATE,LAT_N,LONG_W) VALUES (892,'Effingham','KS',132.9495023000,97.7174766400);
INSERT INTO STATION(ID,CITY,STATE,LAT_N,LONG_W) VALUES (193,'Corcoran','CA',81.3013730900,139.5642079000);
INSERT INTO STATION(ID,CITY,STATE,LAT_N,LONG_W) VALUES (225,'Garden City','IA',54.2096694900,119.9108332000);
INSERT INTO STATION(ID,CITY,STATE,LAT_N,LONG_W) VALUES (573,'Alton','MO',79.7827776200,112.0377817000);
INSERT INTO STATION(ID,CITY,STATE,LAT_N,LONG_W) VALUES (830,'Greenway','AR',119.2726008000,35.9917637100);
INSERT INTO STATION(ID,CITY,STATE,LAT_N,LONG_W) VALUES (241,'Woodsboro','MD',76.6267086600,141.8878169000);
INSERT INTO STATION(ID,CITY,STATE,LAT_N,LONG_W) VALUES (783,'Strawn','IL',29.6788503800,51.0886499500);
INSERT INTO STATION(ID,CITY,STATE,LAT_N,LONG_W) VALUES (675,'Dent','MN',70.7499889500,136.7844469000);
INSERT INTO STATION(ID,CITY,STATE,LAT_N,LONG_W) VALUES (270,'Shingletown','CA',61.1231699600,102.1004578000);
INSERT INTO STATION(ID,CITY,STATE,LAT_N,LONG_W) VALUES (378,'Clio','IA',46.1526332400,115.4197768000);
INSERT INTO STATION(ID,CITY,STATE,LAT_N,LONG_W) VALUES (104,'Yalaha','FL',120.3796720000,119.6867612000);
INSERT INTO STATION(ID,CITY,STATE,LAT_N,LONG_W) VALUES (460,'Leakesville','MS',107.1711382000,72.5774059700);
INSERT INTO STATION(ID,CITY,STATE,LAT_N,LONG_W) VALUES (804,'Fort Lupton','CO',38.5048882800,93.3924749900);
INSERT INTO STATION(ID,CITY,STATE,LAT_N,LONG_W) VALUES (53,'Shasta','CA',99.3217648000,155.6064309000);
INSERT INTO STATION(ID,CITY,STATE,LAT_N,LONG_W) VALUES (448,'Canton','MN',123.6434525000,151.4217519000);
INSERT INTO STATION(ID,CITY,STATE,LAT_N,LONG_W) VALUES (751,'Agency','MO',59.2775475800,95.6830537600);
INSERT INTO STATION(ID,CITY,STATE,LAT_N,LONG_W) VALUES (29,'South Carrollton','KY',57.9964652400,116.9612554000);
INSERT INTO STATION(ID,CITY,STATE,LAT_N,LONG_W) VALUES (718,'Taft','CA',107.8609513000,146.7421276000);
INSERT INTO STATION(ID,CITY,STATE,LAT_N,LONG_W) VALUES (213,'Calpine','CA',46.5140174400,43.2848995800);
INSERT INTO STATION(ID,CITY,STATE,LAT_N,LONG_W) VALUES (624,'Knobel','AR',95.3541657500,62.0905643200);
INSERT INTO STATION(ID,CITY,STATE,LAT_N,LONG_W) VALUES (908,'Bullhead City','AZ',94.8299688100,30.4295775500);
INSERT INTO STATION(ID,CITY,STATE,LAT_N,LONG_W) VALUES (845,'Tina','MO',131.7039678000,28.1181011000);
INSERT INTO STATION(ID,CITY,STATE,LAT_N,LONG_W) VALUES (685,'Anthony','KS',45.0053660100,161.1266931000);
INSERT INTO STATION(ID,CITY,STATE,LAT_N,LONG_W) VALUES (731,'Emmett','ID',57.0955731300,31.5267914500);
INSERT INTO STATION(ID,CITY,STATE,LAT_N,LONG_W) VALUES (311,'South Haven','MN',30.4998198200,87.1252983500);
INSERT INTO STATION(ID,CITY,STATE,LAT_N,LONG_W) VALUES (866,'Haverhill','IA',61.8324671800,109.1656568000);
INSERT INTO STATION(ID,CITY,STATE,LAT_N,LONG_W) VALUES (598,'Middleboro','MA',108.0489233000,149.2884231000);
INSERT INTO STATION(ID,CITY,STATE,LAT_N,LONG_W) VALUES (541,'Siloam','GA',105.0197648000,92.2343791700);
INSERT INTO STATION(ID,CITY,STATE,LAT_N,LONG_W) VALUES (889,'Lena','LA',78.1551087400,129.6204891000);
INSERT INTO STATION(ID,CITY,STATE,LAT_N,LONG_W) VALUES (654,'Lee','IL',27.6719423600,51.0091607300);
INSERT INTO STATION(ID,CITY,STATE,LAT_N,LONG_W) VALUES (841,'Freeport','MI',113.5505305000,50.9583863400);
INSERT INTO STATION(ID,CITY,STATE,LAT_N,LONG_W) VALUES (446,'Mid Florida','FL',110.4113429000,50.7513279200);
INSERT INTO STATION(ID,CITY,STATE,LAT_N,LONG_W) VALUES (249,'Acme','LA',73.1617064700,67.6824777600);
INSERT INTO STATION(ID,CITY,STATE,LAT_N,LONG_W) VALUES (376,'Gorham','KS',111.3244307000,64.7460158000);
INSERT INTO STATION(ID,CITY,STATE,LAT_N,LONG_W) VALUES (136,'Bass Harbor','ME',137.6658892000,61.3250584300);
INSERT INTO STATION(ID,CITY,STATE,LAT_N,LONG_W) VALUES (455,'Granger','IA',33.4187514900,102.0769844000);




-- CREATE CONTESTS TABLE


CREATE TABLE contests
    (`contest_id` int, `hacker_id` int, `name` varchar(64))
;
    
INSERT INTO contests
    (`contest_id`, `hacker_id`, `name`)
VALUES
    (845, 579, 'Rose'),
    (858, 1053, 'Angela'),
    (883, 1055, 'Frank'),
    (1793, 2655, 'Patrick'),
    (2374, 2765, 'Lisa'),
    (2963, 2845, 'Kimberly'),
    (3584, 2873, 'Bonnie'),
    (4044, 3067, 'Michael'),
    (4249, 3116, 'Todd'),
    (4269, 3256, 'Joe'),
    (4483, 3386, 'Earl'),
    (4541, 3608, 'Robert'),
    (4601, 3868, 'Amy'),
    (4710, 4255, 'Pamela'),
    (4982, 5639, 'Maria'),
    (5913, 5669, 'Joe'),
    (5994, 5713, 'Linda'),
    (6939, 6550, 'Melissa'),
    (7266, 6947, 'Carol'),
    (7280, 7030, 'Paula'),
    (7484, 7033, 'Marilyn'),
    (7734, 7386, 'Jennifer'),
    (7831, 7787, 'Harry'),
    (7862, 8029, 'David'),
    (8812, 8147, 'Julia'),
    (8825, 8438, 'Kevin'),
    (9136, 8727, 'Paul'),
    (9613, 8762, 'James'),
    (10568, 8802, 'Kelly'),
    (11100, 8809, 'Robin'),
    (12742, 9203, 'Ralph'),
    (12861, 9644, 'Gloria'),
    (12865, 10108, 'Victor'),
    (13503, 10803, 'David'),
    (13537, 11390, 'Joyce'),
    (13612, 12592, 'Donna'),
    (14502, 12923, 'Michelle'),
    (14867, 13017, 'Stephanie'),
    (15164, 13256, 'Gerald'),
    (15804, 13421, 'Walter'),
    (15891, 13569, 'Christina'),
    (16063, 14287, 'Brandon'),
    (16415, 14311, 'Elizabeth'),
    (18477, 14440, 'Joseph'),
    (18855, 16973, 'Lawrence'),
    (19097, 17123, 'Marilyn'),
    (19575, 17562, 'Lori'),
    (20068, 17766, 'Matthew'),
    (20096, 18153, 'Jesse'),
    (20723, 19361, 'John'),
    (21230, 19707, 'Martha'),
    (21490, 20314, 'Timothy'),
    (22671, 20315, 'Christine'),
    (22758, 20895, 'Anthony'),
    (23225, 20975, 'Paula'),
    (23240, 22494, 'Kimberly'),
    (23320, 22683, 'Louise'),
    (23651, 22903, 'Martin'),
    (23734, 23050, 'Paul'),
    (23851, 23819, 'Antonio'),
    (24602, 24120, 'Jacqueline'),
    (24784, 24152, 'Diana'),
    (24928, 24339, 'John'),
    (26157, 24489, 'Dorothy'),
    (26368, 25886, 'Evelyn'),
    (26676, 26104, 'Phillip'),
    (26765, 26487, 'Evelyn'),
    (27154, 26570, 'Debra'),
    (27531, 26666, 'David'),
    (28466, 26872, 'Willie'),
    (29050, 27009, 'Brandon'),
    (29437, 27768, 'Ann'),
    (29729, 27784, 'Emily'),
    (29885, 27912, 'Dorothy'),
    (30359, 28279, 'Jonathan'),
    (30379, 28336, 'Dorothy'),
    (30539, 28432, 'Marilyn'),
    (30613, 29426, 'Norma'),
    (30650, 29577, 'Nancy'),
    (31098, 30142, 'Andrew'),
    (31212, 30592, 'Keith'),
    (31410, 30668, 'Benjamin'),
    (31901, 31143, 'Charles'),
    (31942, 31238, 'Alan'),
    (32100, 31316, 'Tammy'),
    (32577, 31335, 'Anna'),
    (32936, 31712, 'James'),
    (33396, 31770, 'Robin'),
    (33469, 32169, 'Jean'),
    (33493, 32182, 'Andrew'),
    (33919, 32359, 'Roy'),
    (34128, 33315, 'Diana'),
    (34193, 33708, 'Christina'),
    (34774, 33746, 'Jesse'),
    (34968, 34504, 'Joyce'),
    (35728, 35576, 'Patricia'),
    (35907, 35732, 'Gregory'),
    (36473, 36364, 'Brian'),
    (36570, 37180, 'Christine'),
    (36627, 37250, 'Lillian'),
    (37370, 37490, 'Aaron'),
    (37620, 38395, 'Dorothy'),
    (38059, 38854, 'Christopher'),
    (38874, 39211, 'Bobby'),
    (39726, 41388, 'Bobby'),
    (40425, 42341, 'Gerald'),
    (40769, 42353, 'Carol'),
    (41324, 42427, 'Jeremy'),
    (41337, 43048, 'Clarence'),
    (42103, 44477, 'Wayne'),
    (42318, 44529, 'Carolyn'),
    (42538, 44894, 'Margaret'),
    (43835, 44984, 'Andrew'),
    (44388, 46118, 'Albert'),
    (44603, 46348, 'Judy'),
    (45209, 46524, 'Arthur'),
    (45745, 46709, 'Cynthia'),
    (46556, 46987, 'Jerry'),
    (46835, 47228, 'Thomas'),
    (47010, 47234, 'Elizabeth'),
    (47250, 47587, 'Justin'),
    (48110, 47743, 'Albert'),
    (48283, 47908, 'James'),
    (48343, 48021, 'Stephen'),
    (48469, 48514, 'Alan'),
    (48602, 48946, 'Joshua'),
    (48787, 49996, 'Norma'),
    (50135, 50418, 'Mildred'),
    (50325, 50683, 'Melissa'),
    (51060, 50728, 'Paul'),
    (51109, 50794, 'Gerald'),
    (51122, 51228, 'Ronald'),
    (51240, 51367, 'Sandra'),
    (51303, 51587, 'Helen'),
    (51691, 51849, 'Larry'),
    (52364, 52164, 'Alan'),
    (52816, 52232, 'Paul'),
    (52834, 52775, 'Chris'),
    (53656, 53693, 'Steven'),
    (53712, 53772, 'Jennifer'),
    (53723, 55064, 'Bonnie'),
    (55044, 55578, 'Shirley'),
    (55780, 55844, 'Jeffrey'),
    (56222, 55926, 'Janet'),
    (56484, 56163, 'Albert'),
    (56585, 56650, 'Charles'),
    (57803, 57530, 'Kelly'),
    (58140, 57745, 'Bobby'),
    (58799, 58535, 'Elizabeth'),
    (59168, 58672, 'Keith'),
    (59866, 58879, 'Jose'),
    (59895, 59169, 'Ann'),
    (60053, 60309, 'Helen'),
    (60734, 60335, 'Jason'),
    (60746, 60962, 'Gerald'),
    (60822, 62443, 'Carlos'),
    (61145, 62625, 'Ryan'),
    (61328, 62974, 'Ashley'),
    (61422, 63283, 'Julia'),
    (61974, 63437, 'Harry'),
    (62265, 63925, 'Sean'),
    (63035, 65051, 'Julia'),
    (63442, 65266, 'Marilyn'),
    (63645, 65445, 'Cheryl'),
    (63867, 65512, 'Susan'),
    (64049, 65751, 'Judith'),
    (64631, 65802, 'Ruth'),
    (64730, 65997, 'Jane'),
    (66107, 66188, 'Sara'),
    (67233, 66384, 'Denise'),
    (67248, 66519, 'Jason'),
    (68192, 66588, 'Rose'),
    (69036, 67038, 'Susan'),
    (69360, 67801, 'Irene'),
    (69734, 68212, 'Jonathan'),
    (69912, 69021, 'Shawn'),
    (70431, 69342, 'Julia'),
    (70485, 70186, 'Linda'),
    (71325, 70225, 'Melissa'),
    (71573, 70613, 'Dennis'),
    (71771, 70680, 'Jeremy'),
    (71875, 71198, 'Patrick'),
    (71964, 71277, 'Jennifer'),
    (72481, 71295, 'Lillian'),
    (72892, 71790, 'Charles'),
    (74017, 71896, 'Philip'),
    (74076, 74116, 'Jimmy'),
    (74097, 74132, 'Doris'),
    (74377, 74265, 'Craig'),
    (75042, 74434, 'Walter'),
    (75519, 74602, 'Wayne'),
    (75590, 74687, 'Katherine'),
    (75811, 75092, 'Mark'),
    (76448, 76670, 'Barbara'),
    (76529, 76699, 'Mark'),
    (76579, 76861, 'Joe'),
    (76690, 76868, 'Maria'),
    (76761, 77309, 'John'),
    (77178, 77582, 'Brian'),
    (77219, 77732, 'Kimberly'),
    (77516, 78273, 'Bonnie'),
    (77833, 79140, 'Terry'),
    (78076, 79615, 'Brian'),
    (78230, 79794, 'Ruby'),
    (78442, 80490, 'Wayne'),
    (78773, 80905, 'Rebecca'),
    (78828, 81038, 'Joyce'),
    (80045, 81220, 'Douglas'),
    (80050, 81486, 'Philip'),
    (80153, 81961, 'Lori'),
    (80542, 81977, 'Benjamin'),
    (80988, 82079, 'Dennis'),
    (81126, 83566, 'Sara'),
    (81702, 83699, 'Douglas'),
    (82011, 83717, 'Dennis'),
    (82043, 84239, 'Ernest'),
    (83200, 84324, 'Clarence'),
    (83490, 85217, 'Diana'),
    (83571, 85564, 'Steve'),
    (83991, 85806, 'Amy'),
    (84014, 86046, 'Adam'),
    (84487, 86193, 'Douglas'),
    (84559, 86911, 'Scott'),
    (86299, 87701, 'Samuel'),
    (86958, 89129, 'Louis'),
    (87325, 89951, 'Jason'),
    (87884, 90884, 'Bobby'),
    (87973, 92237, 'Janet'),
    (88430, 92586, 'Clarence'),
    (88649, 92975, 'Dorothy'),
    (88899, 93578, 'Sharon'),
    (89248, 94088, 'Brandon'),
    (90124, 94587, 'Timothy'),
    (91136, 94616, 'Christina'),
    (91198, 94699, 'Barbara'),
    (92080, 95022, 'Jose'),
    (92106, 95480, 'Kelly'),
    (92363, 95931, 'Paul'),
    (93073, 96120, 'Clarence'),
    (93865, 96419, 'Lillian'),
    (94245, 96733, 'Christine'),
    (96014, 97803, 'Russell'),
    (96961, 97871, 'Marie'),
    (97440, 97927, 'Richard'),
    (98321, 97969, 'Kenneth'),
    (99238, 98431, 'Judy'),
    (99245, 98717, 'Arthur'),
    (99580, 98798, 'Lori'),
    (99739, 99016, 'Scott'),
    (99977, 99691, 'Brian')
;





-- CREATE   TABLE colleges




CREATE TABLE colleges
    (`college_id` int, `contest_id` int)
;
    
INSERT INTO colleges
    (`college_id`, `contest_id`)
VALUES
    (96, 845),
    (191, 845),
    (326, 858),
    (473, 858),
    (750, 883),
    (884, 883),
    (958, 1793),
    (984, 1793),
    (1055, 2374),
    (1076, 2374),
    (2062, 2374),
    (2073, 2374),
    (2185, 2963),
    (2202, 2963),
    (2220, 2963),
    (2422, 2963),
    (2684, 3584),
    (2720, 3584),
    (2734, 3584),
    (2816, 3584),
    (2950, 4044),
    (3042, 4044),
    (3154, 4044),
    (3265, 4249),
    (3325, 4249),
    (3597, 4249),
    (3925, 4249),
    (4018, 4249),
    (4246, 4269),
    (4445, 4269),
    (4543, 4483),
    (4623, 4483),
    (4629, 4483),
    (4957, 4541),
    (5112, 4541),
    (5305, 4601),
    (5473, 4601),
    (5592, 4710),
    (5717, 4710),
    (5782, 4710),
    (5930, 4710),
    (6088, 4710),
    (6341, 4982),
    (6343, 4982),
    (7124, 4982),
    (7419, 4982),
    (7432, 4982),
    (7651, 5913),
    (7865, 5913),
    (7910, 5913),
    (7965, 5913),
    (8433, 5913),
    (8884, 5994),
    (9053, 5994),
    (9359, 5994),
    (9672, 5994),
    (9701, 5994),
    (10142, 6939),
    (10174, 6939),
    (10527, 6939),
    (11467, 6939),
    (11732, 6939),
    (11761, 7266),
    (11863, 7266),
    (11903, 7266),
    (11942, 7266),
    (12132, 7280),
    (12180, 7280),
    (12449, 7484),
    (12523, 7484),
    (13117, 7484),
    (13389, 7484),
    (13807, 7484),
    (14020, 7734),
    (14384, 7734),
    (14393, 7734),
    (14435, 7734),
    (14593, 7831),
    (14967, 7831),
    (15294, 7831),
    (15332, 7862),
    (15445, 7862),
    (15457, 7862),
    (15615, 7862),
    (15817, 8812),
    (16037, 8812),
    (16358, 8825),
    (16424, 8825),
    (16443, 8825),
    (16542, 9136),
    (16750, 9136),
    (17335, 9136),
    (17465, 9136),
    (17750, 9136),
    (17910, 9613),
    (17933, 9613),
    (18644, 9613),
    (19153, 9613),
    (19423, 9613),
    (19432, 10568),
    (19551, 10568),
    (19852, 10568),
    (20172, 10568),
    (20419, 11100),
    (20606, 11100),
    (20649, 11100),
    (20913, 12742),
    (20948, 12742),
    (21665, 12742),
    (21900, 12861),
    (22076, 12861),
    (22083, 12861),
    (22243, 12861),
    (22292, 12865),
    (22717, 12865),
    (22843, 12865),
    (22964, 13503),
    (23222, 13503),
    (23637, 13537),
    (23773, 13537),
    (24033, 13612),
    (24086, 13612),
    (24101, 14502),
    (24306, 14502),
    (24309, 14867),
    (24391, 14867),
    (25653, 14867),
    (25721, 14867),
    (25753, 15164),
    (25979, 15164),
    (26015, 15164),
    (26029, 15804),
    (26186, 15804),
    (26190, 15891),
    (26334, 15891),
    (26394, 15891),
    (26426, 16063),
    (26558, 16063),
    (27517, 16415),
    (27702, 16415),
    (28159, 16415),
    (28375, 16415),
    (28835, 16415),
    (29324, 18477),
    (29908, 18477),
    (29985, 18855),
    (30414, 18855),
    (30528, 18855),
    (30679, 18855),
    (30722, 18855),
    (30766, 19097),
    (30807, 19097),
    (30893, 19097),
    (31095, 19575),
    (31340, 19575),
    (31354, 19575),
    (31581, 19575),
    (31982, 20068),
    (32096, 20068),
    (32110, 20068),
    (32159, 20096),
    (32372, 20096),
    (33415, 20723),
    (33613, 20723),
    (33775, 20723),
    (33927, 20723),
    (33964, 21230),
    (33975, 21230),
    (34130, 21490),
    (34300, 21490),
    (34463, 22671),
    (34504, 22671),
    (34849, 22671),
    (35045, 22758),
    (35162, 22758),
    (35322, 22758),
    (35511, 23225),
    (35904, 23225),
    (35972, 23240),
    (36094, 23240),
    (36631, 23240),
    (36789, 23240),
    (37095, 23320),
    (37192, 23320),
    (37390, 23320),
    (37478, 23651),
    (37741, 23651),
    (37751, 23651),
    (37816, 23734),
    (37834, 23734),
    (38240, 23851),
    (38685, 23851),
    (38779, 23851),
    (38994, 24602),
    (39175, 24602),
    (39431, 24602),
    (39611, 24602),
    (40074, 24784),
    (40250, 24784),
    (40341, 24784),
    (40580, 24928),
    (40814, 24928),
    (41806, 24928),
    (41852, 24928),
    (41952, 26157),
    (42051, 26157),
    (42800, 26368),
    (43232, 26368),
    (43621, 26368),
    (43690, 26676),
    (43694, 26676),
    (43789, 26676),
    (44513, 26676),
    (44604, 26676),
    (44695, 26765),
    (44930, 26765),
    (44969, 27154),
    (45047, 27154),
    (45057, 27154),
    (45074, 27154),
    (45103, 27531),
    (45240, 27531),
    (45620, 27531),
    (45973, 28466),
    (46112, 28466),
    (46280, 28466),
    (46344, 29050),
    (46345, 29050),
    (46438, 29050),
    (46593, 29437),
    (46673, 29437),
    (47626, 29729),
    (47627, 29729),
    (47831, 29729),
    (47949, 29729),
    (47994, 29885),
    (48256, 29885),
    (48264, 30359),
    (48530, 30359),
    (48534, 30379),
    (48615, 30379),
    (48626, 30379),
    (48776, 30379),
    (49529, 30379),
    (49699, 30539),
    (49800, 30539),
    (50596, 30539),
    (50656, 30539),
    (50761, 30539),
    (50888, 30613),
    (50958, 30613),
    (51200, 30613),
    (51484, 30613),
    (51502, 30650),
    (51671, 30650),
    (51888, 30650),
    (51910, 31098),
    (52020, 31098),
    (52101, 31212),
    (52225, 31212),
    (52927, 31212),
    (53387, 31212),
    (53946, 31410),
    (54237, 31410),
    (54313, 31410),
    (55189, 31901),
    (55294, 31901),
    (55749, 31901),
    (55811, 31942),
    (56126, 31942),
    (56677, 32100),
    (56952, 32100),
    (57234, 32100),
    (57248, 32577),
    (57355, 32577),
    (57430, 32577),
    (57444, 32577),
    (57648, 32936),
    (57687, 32936),
    (57728, 33396),
    (58082, 33396),
    (58329, 33469),
    (58610, 33469),
    (58684, 33469),
    (58699, 33469),
    (58728, 33493),
    (58842, 33493),
    (58865, 33493),
    (58940, 33919),
    (59660, 33919),
    (60053, 33919),
    (60107, 33919),
    (60208, 34128),
    (60373, 34128),
    (60601, 34193),
    (60699, 34193),
    (60749, 34193),
    (61011, 34193),
    (61144, 34193),
    (61977, 34774),
    (62057, 34774),
    (62236, 34774),
    (62249, 34968),
    (62573, 34968),
    (63315, 35728),
    (63423, 35728),
    (63448, 35728),
    (63502, 35907),
    (63811, 35907),
    (63820, 36473),
    (63902, 36473),
    (64053, 36473),
    (64211, 36473),
    (64873, 36570),
    (64901, 36570),
    (65018, 36570),
    (65331, 36570),
    (65556, 36627),
    (65587, 36627),
    (65694, 37370),
    (65728, 37370),
    (65732, 37370),
    (65884, 37370),
    (66352, 37620),
    (66364, 37620),
    (66455, 37620),
    (66745, 37620),
    (66983, 38059),
    (67360, 38059),
    (67452, 38059),
    (68261, 38059),
    (68311, 38874),
    (68527, 38874),
    (68586, 38874),
    (68603, 39726),
    (69303, 39726),
    (69433, 39726),
    (69564, 40425),
    (69880, 40425),
    (70260, 40425),
    (70432, 40425),
    (70434, 40769),
    (70469, 40769),
    (70662, 41324),
    (70772, 41324),
    (70888, 41337),
    (71018, 41337),
    (71521, 42103),
    (71563, 42103),
    (71711, 42103),
    (72228, 42103),
    (72400, 42103),
    (72572, 42318),
    (72782, 42318),
    (73036, 42538),
    (73323, 42538),
    (73507, 42538),
    (73948, 42538),
    (74218, 43835),
    (74304, 43835),
    (74387, 43835),
    (75027, 44388),
    (75135, 44388),
    (75377, 44388),
    (75482, 44388),
    (75510, 44603),
    (75661, 44603),
    (75754, 44603),
    (75873, 44603),
    (76245, 44603),
    (76274, 45209),
    (76305, 45209),
    (76426, 45745),
    (76463, 45745),
    (76553, 46556),
    (76683, 46556),
    (77424, 46835),
    (77562, 46835),
    (77885, 46835),
    (78134, 46835),
    (78169, 46835),
    (78430, 47010),
    (78542, 47010),
    (78595, 47010),
    (78924, 47250),
    (79020, 47250),
    (79115, 47250),
    (79118, 47250),
    (79406, 47250),
    (79523, 48110),
    (80413, 48110),
    (80527, 48283),
    (80599, 48283),
    (80637, 48283),
    (80816, 48283),
    (81178, 48283),
    (81180, 48343),
    (81276, 48343),
    (81311, 48343),
    (81419, 48469),
    (81448, 48469),
    (81499, 48469),
    (81812, 48469),
    (82052, 48602),
    (82149, 48602),
    (82238, 48787),
    (82248, 48787),
    (82252, 48787),
    (82422, 48787),
    (82679, 48787),
    (82713, 50135),
    (82908, 50135),
    (82939, 50135),
    (82965, 50135),
    (83041, 50135),
    (83090, 50325),
    (83250, 50325),
    (83363, 50325),
    (83653, 51060),
    (83866, 51060),
    (84090, 51109),
    (84522, 51109),
    (84530, 51109),
    (84552, 51122),
    (84907, 51122),
    (84957, 51240),
    (85378, 51240),
    (85425, 51240),
    (85453, 51240),
    (85523, 51303),
    (85645, 51303),
    (85650, 51303),
    (85675, 51303),
    (85725, 51691),
    (85880, 51691),
    (86083, 51691),
    (86587, 51691),
    (86834, 52364),
    (86839, 52364),
    (86961, 52816),
    (87183, 52816),
    (87805, 52834),
    (88098, 52834),
    (88495, 52834),
    (88649, 52834),
    (88968, 53656),
    (89116, 53656),
    (89159, 53656),
    (89208, 53656),
    (89265, 53712),
    (89893, 53712),
    (90248, 53712),
    (90281, 53712),
    (90407, 53712),
    (90821, 53723),
    (90837, 53723),
    (91060, 53723),
    (91187, 53723),
    (91446, 53723),
    (91616, 55044),
    (91729, 55044),
    (91980, 55044),
    (92470, 55044),
    (92538, 55780),
    (92769, 55780),
    (92783, 55780),
    (93238, 56222),
    (93280, 56222),
    (93493, 56222),
    (94243, 56222),
    (94278, 56222),
    (94287, 56484),
    (94411, 56484),
    (94772, 56484),
    (94855, 56484),
    (95101, 56585),
    (95205, 56585),
    (95379, 56585),
    (95435, 57803),
    (95466, 57803),
    (95524, 58140),
    (95684, 58140),
    (95741, 58140),
    (95898, 58799),
    (96567, 58799),
    (96824, 59168),
    (97039, 59168),
    (97358, 59866),
    (97637, 59866),
    (97744, 59895),
    (97932, 59895),
    (98137, 59895),
    (98150, 59895),
    (98165, 60053),
    (98639, 60053),
    (99327, 60734),
    (99328, 60734),
    (99399, 60734),
    (99562, 60734),
    (99694, 60746)
;





-- CREATE view_stats

CREATE TABLE view_stats
    (`challenge_id` int, `total_views` int, `total_unique_views` int)
;
    
INSERT INTO view_stats
    (`challenge_id`, `total_views`, `total_unique_views`)
VALUES
    (33090, 76, 6),
    (25505, 68, 15),
    (7583, 29, 21),
    (75096, 41, 16),
    (10853, 58, 12),
    (90628, 81, 18),
    (20828, 98, 15),
    (52594, 31, 19),
    (57310, 62, 20),
    (13356, 28, 23),
    (6998, 94, 23),
    (38969, 50, 17),
    (24325, 65, 14),
    (145, 38, 19),
    (44435, 63, 17),
    (74878, 33, 9),
    (18750, 14, 10),
    (66149, 85, 24),
    (42877, 47, 15),
    (7803, 73, 16),
    (24989, 26, 14),
    (6089, 80, 20),
    (5158, 41, 11),
    (53323, 41, 17),
    (70442, 72, 17),
    (45477, 98, 22),
    (85817, 57, 14),
    (70518, 93, 20),
    (51839, 8, 8),
    (39388, 60, 17),
    (54617, 86, 6),
    (94218, 13, 6),
    (33696, 34, 8),
    (92799, 29, 24),
    (16912, 38, 10),
    (18307, 67, 18),
    (70894, 52, 12),
    (36382, 70, 25),
    (8162, 60, 9),
    (99661, 63, 18),
    (73985, 39, 8),
    (76589, 48, 19),
    (43667, 99, 6),
    (57839, 24, 23),
    (85632, 61, 6),
    (99619, 70, 17),
    (39015, 49, 16),
    (22652, 18, 17),
    (62389, 99, 21),
    (7962, 27, 25),
    (4226, 23, 12),
    (43912, 46, 24),
    (63026, 57, 10),
    (14292, 92, 18),
    (56113, 46, 23),
    (84130, 43, 25),
    (7346, 67, 21),
    (82425, 23, 16),
    (70518, 19, 19),
    (15197, 32, 22),
    (65550, 28, 19),
    (16881, 83, 6),
    (75478, 58, 18),
    (57804, 47, 19),
    (18354, 20, 13),
    (35776, 56, 11),
    (86015, 22, 16),
    (4919, 73, 12),
    (60168, 53, 12),
    (92762, 39, 9),
    (51839, 97, 16),
    (70814, 21, 20),
    (79146, 42, 13),
    (68859, 14, 8),
    (14724, 32, 6),
    (64867, 94, 19),
    (2438, 83, 14),
    (85316, 51, 24),
    (67623, 61, 20),
    (88454, 84, 10),
    (10865, 98, 19),
    (42577, 40, 21),
    (7962, 26, 24),
    (34139, 41, 17),
    (57057, 19, 11),
    (26364, 28, 14),
    (96135, 82, 21),
    (34333, 72, 7),
    (99192, 74, 23),
    (6921, 33, 6),
    (45764, 43, 23),
    (96524, 90, 16),
    (6095, 64, 6),
    (68240, 67, 21),
    (92799, 32, 10),
    (45962, 67, 21),
    (61312, 30, 17),
    (55521, 74, 13),
    (90979, 96, 12),
    (22351, 21, 9),
    (45477, 62, 8),
    (11914, 32, 18),
    (94363, 12, 6),
    (45157, 98, 13),
    (38908, 23, 17),
    (86584, 29, 23),
    (54102, 63, 18),
    (85569, 64, 15),
    (72429, 21, 9),
    (18823, 37, 23),
    (791, 22, 22),
    (76262, 56, 20),
    (12421, 28, 24),
    (4159, 36, 10),
    (3019, 26, 6),
    (66001, 14, 10),
    (47425, 47, 16),
    (90022, 78, 19),
    (2924, 75, 7),
    (71397, 29, 8),
    (11646, 98, 24),
    (42387, 61, 24),
    (15035, 91, 14),
    (75574, 27, 16),
    (76589, 14, 9),
    (87951, 59, 10),
    (30465, 62, 14),
    (3423, 41, 25),
    (78675, 71, 8),
    (94767, 46, 9),
    (55521, 88, 9),
    (65343, 37, 19),
    (92288, 71, 7),
    (68920, 69, 11),
    (60407, 40, 20),
    (70706, 71, 23),
    (11957, 83, 11),
    (43667, 54, 10),
    (33700, 79, 20),
    (7472, 18, 13),
    (86098, 33, 13),
    (44709, 19, 9),
    (74878, 61, 23),
    (37268, 19, 9),
    (86674, 18, 16),
    (53523, 24, 7),
    (73009, 26, 16),
    (36584, 36, 6),
    (41268, 60, 13),
    (19170, 65, 22),
    (92762, 64, 23),
    (24633, 41, 16),
    (56459, 76, 23),
    (38430, 98, 20),
    (72713, 30, 23),
    (48306, 52, 23),
    (65789, 11, 7),
    (47897, 28, 19),
    (36381, 92, 20),
    (46631, 91, 12),
    (83992, 30, 21),
    (27927, 96, 17),
    (75096, 39, 11),
    (60703, 18, 10),
    (62389, 91, 21),
    (40747, 90, 20),
    (47817, 17, 10),
    (69573, 39, 18),
    (64311, 73, 21),
    (10099, 22, 18),
    (32681, 47, 20),
    (4850, 30, 17),
    (91584, 31, 14),
    (60777, 16, 6),
    (60192, 96, 11),
    (54026, 22, 19),
    (95546, 85, 19),
    (68613, 20, 10),
    (63906, 75, 19),
    (85665, 28, 23),
    (65771, 75, 17),
    (15152, 57, 6),
    (11859, 16, 10),
    (11859, 54, 7),
    (98192, 41, 19),
    (10258, 82, 20),
    (79938, 82, 7),
    (47015, 50, 23),
    (92655, 27, 14),
    (8386, 26, 18),
    (58045, 56, 14),
    (68240, 47, 12),
    (43071, 71, 11),
    (38877, 42, 24),
    (66149, 84, 6),
    (34336, 73, 7),
    (87358, 70, 9),
    (35051, 15, 6),
    (90147, 28, 9),
    (90628, 20, 13),
    (29694, 72, 8),
    (5069, 10, 8),
    (28065, 31, 7),
    (60168, 26, 17),
    (36056, 57, 22),
    (98663, 72, 20),
    (94363, 85, 25),
    (89953, 91, 17),
    (1322, 98, 11),
    (44435, 22, 9),
    (75535, 34, 12),
    (90462, 33, 17),
    (86703, 83, 15),
    (59439, 33, 18),
    (4750, 52, 23),
    (31587, 74, 14),
    (4247, 35, 19),
    (85048, 21, 12),
    (25505, 53, 25),
    (48306, 69, 8),
    (55439, 70, 11),
    (54102, 37, 19),
    (91972, 34, 22),
    (4266, 52, 18),
    (45332, 93, 12),
    (5652, 49, 22),
    (21772, 84, 23),
    (8680, 40, 6),
    (99619, 68, 11),
    (12107, 36, 6),
    (1979, 79, 17),
    (94767, 80, 19),
    (37606, 53, 6),
    (8870, 18, 14),
    (10853, 43, 23),
    (7472, 55, 25),
    (95030, 46, 8),
    (57206, 67, 20),
    (45776, 28, 23),
    (69422, 29, 13),
    (4159, 75, 6),
    (55184, 74, 6),
    (77653, 89, 10),
    (84055, 32, 24),
    (77725, 87, 23),
    (1979, 17, 16),
    (4866, 47, 23),
    (11957, 98, 23),
    (64145, 30, 10),
    (62475, 54, 16),
    (83992, 17, 14),
    (57057, 78, 25),
    (59414, 77, 18),
    (36159, 18, 14),
    (48773, 51, 18),
    (29166, 39, 20),
    (76262, 48, 25),
    (31807, 81, 21),
    (81186, 68, 24),
    (94541, 83, 21),
    (74710, 66, 15),
    (76080, 41, 25),
    (33696, 18, 11),
    (10611, 46, 24),
    (54206, 31, 22),
    (16881, 45, 7),
    (72713, 22, 12),
    (66617, 22, 14),
    (68414, 88, 18),
    (41101, 14, 6),
    (82017, 50, 13),
    (45061, 87, 11),
    (77372, 48, 7),
    (99833, 13, 12),
    (51839, 14, 7),
    (57218, 50, 16),
    (52462, 36, 19),
    (85665, 38, 10),
    (43196, 32, 22),
    (39304, 26, 16),
    (98782, 44, 17),
    (56666, 72, 18),
    (16877, 92, 23),
    (90943, 49, 25),
    (63831, 87, 11),
    (14292, 36, 15),
    (75535, 93, 13),
    (96643, 43, 15),
    (41352, 82, 9),
    (68619, 59, 16),
    (6561, 25, 24),
    (49376, 91, 24),
    (94408, 72, 20),
    (48713, 73, 18),
    (57839, 91, 25),
    (99071, 93, 19),
    (86674, 97, 18),
    (18207, 16, 8),
    (62131, 40, 23),
    (35946, 73, 11),
    (36382, 47, 6),
    (83615, 39, 18),
    (52592, 21, 16),
    (56222, 91, 25),
    (24078, 15, 13),
    (48531, 41, 19),
    (77865, 17, 13),
    (46474, 68, 17),
    (97950, 81, 22),
    (32674, 16, 15),
    (7472, 56, 9),
    (31347, 76, 20),
    (7583, 86, 12),
    (21716, 98, 25),
    (81615, 37, 21),
    (17015, 51, 7),
    (31587, 95, 13),
    (78760, 27, 16),
    (18291, 94, 10),
    (5652, 97, 7),
    (39151, 55, 19),
    (4850, 48, 15),
    (29375, 90, 7),
    (45955, 11, 6),
    (62471, 82, 15),
    (83836, 45, 23),
    (95122, 97, 22),
    (33285, 80, 10),
    (8902, 25, 24),
    (44829, 61, 25),
    (70894, 70, 17),
    (2438, 30, 20),
    (26345, 34, 15),
    (32235, 20, 7),
    (66282, 59, 11),
    (2550, 25, 20),
    (31923, 81, 22),
    (99625, 77, 19),
    (33811, 22, 12),
    (69573, 40, 13),
    (59384, 43, 25),
    (41268, 83, 7),
    (60192, 27, 8),
    (11188, 51, 10),
    (96815, 16, 16),
    (72130, 77, 9),
    (47425, 33, 20),
    (82091, 65, 11),
    (77720, 26, 8),
    (67253, 94, 7),
    (7346, 18, 8),
    (58040, 66, 22),
    (57855, 24, 8),
    (86674, 61, 22),
    (67542, 93, 19),
    (85316, 79, 21),
    (82128, 29, 16),
    (97950, 95, 8),
    (60777, 21, 14),
    (86334, 51, 14),
    (69003, 67, 24),
    (27563, 43, 15),
    (3089, 28, 16),
    (8680, 44, 20),
    (23864, 87, 23),
    (15152, 57, 25),
    (59414, 19, 6),
    (59874, 68, 12),
    (13951, 61, 16),
    (48773, 77, 18),
    (18956, 98, 8),
    (57862, 18, 16),
    (7803, 58, 9),
    (63831, 32, 22),
    (51116, 83, 19),
    (92138, 42, 25),
    (6384, 22, 11),
    (36381, 59, 16),
    (85736, 56, 14),
    (51689, 22, 21),
    (29332, 15, 11),
    (34960, 24, 22),
    (80196, 20, 18),
    (49376, 78, 21),
    (17394, 57, 7),
    (77290, 98, 11),
    (37542, 88, 17),
    (69136, 41, 16),
    (99192, 41, 20),
    (12974, 31, 25),
    (23080, 24, 13),
    (18207, 88, 14),
    (48386, 50, 15),
    (85956, 65, 25),
    (56113, 79, 25),
    (10853, 64, 13),
    (5069, 76, 9),
    (84592, 23, 18),
    (98833, 62, 22),
    (60768, 89, 15),
    (57938, 15, 12),
    (76068, 35, 7),
    (45776, 24, 15),
    (24078, 45, 7),
    (8506, 55, 22),
    (43013, 94, 25),
    (85316, 83, 17),
    (41261, 61, 19),
    (16348, 41, 23),
    (95546, 20, 14),
    (58378, 80, 15),
    (63893, 74, 6),
    (23080, 65, 24),
    (89875, 43, 10),
    (37458, 75, 7),
    (37458, 19, 10),
    (82394, 75, 6),
    (48944, 43, 23),
    (7551, 21, 19),
    (67253, 23, 21),
    (82425, 65, 17),
    (145, 65, 12),
    (61110, 64, 13),
    (73985, 40, 15),
    (65536, 20, 8),
    (77372, 28, 24),
    (95958, 66, 21),
    (76686, 31, 24),
    (42002, 33, 21),
    (59384, 41, 11),
    (88454, 45, 22),
    (85592, 20, 19),
    (4393, 29, 17),
    (80579, 58, 6),
    (67575, 63, 23),
    (46004, 95, 10),
    (66459, 72, 9),
    (66396, 25, 16),
    (2385, 44, 20),
    (59483, 65, 10),
    (57862, 66, 18),
    (60407, 41, 23),
    (93562, 11, 6),
    (36992, 46, 11),
    (70442, 62, 23),
    (64127, 65, 15),
    (69393, 45, 21),
    (53640, 42, 23),
    (15709, 24, 13),
    (77653, 64, 20),
    (90979, 33, 24),
    (58787, 66, 9),
    (13211, 30, 23),
    (31068, 80, 10),
    (99625, 28, 21),
    (52592, 28, 23),
    (44722, 66, 23),
    (74902, 34, 14),
    (3625, 10, 9),
    (87951, 12, 11),
    (20881, 55, 20),
    (91398, 49, 20),
    (26060, 85, 25),
    (1985, 52, 9),
    (8506, 53, 21),
    (60564, 62, 18),
    (61780, 32, 7),
    (46004, 39, 14),
    (56459, 38, 14),
    (60168, 74, 25),
    (41352, 66, 9),
    (26992, 93, 22),
    (29394, 49, 8),
    (38908, 67, 25),
    (6089, 60, 16),
    (75574, 87, 13),
    (91614, 73, 17),
    (15029, 74, 20),
    (29827, 86, 15),
    (64816, 19, 10),
    (98194, 85, 7),
    (43737, 69, 15),
    (39015, 90, 20),
    (58949, 69, 6),
    (63722, 18, 13),
    (27261, 95, 13),
    (26060, 39, 14),
    (66459, 25, 13),
    (54026, 63, 7),
    (55184, 43, 18),
    (11957, 28, 19),
    (64145, 28, 19),
    (53523, 53, 8),
    (74637, 37, 11),
    (8162, 67, 9),
    (54617, 35, 18),
    (18064, 39, 11),
    (38454, 24, 7),
    (13640, 37, 11),
    (88554, 11, 9),
    (63085, 32, 22),
    (58121, 23, 17),
    (89202, 31, 9),
    (65771, 63, 25),
    (61286, 45, 24),
    (24360, 58, 21),
    (25740, 73, 15),
    (95549, 90, 13),
    (96643, 30, 20),
    (773, 80, 24),
    (3089, 38, 18),
    (27343, 35, 22),
    (76262, 28, 19),
    (73985, 95, 21),
    (34584, 69, 24),
    (51026, 89, 18),
    (77865, 16, 10),
    (59748, 32, 7),
    (96987, 11, 8),
    (6998, 98, 13),
    (77720, 16, 9),
    (41547, 51, 23),
    (32875, 19, 17),
    (77653, 85, 22),
    (54102, 17, 16),
    (80196, 99, 16),
    (492, 40, 25),
    (60866, 36, 22),
    (67253, 48, 20),
    (41547, 75, 20),
    (60768, 27, 15),
    (66844, 13, 13),
    (48386, 42, 20),
    (4226, 72, 12),
    (93931, 23, 14),
    (26364, 39, 22),
    (80796, 86, 24),
    (64127, 92, 21),
    (61780, 84, 10),
    (60168, 81, 13),
    (77720, 76, 10),
    (29166, 29, 15),
    (29827, 84, 8),
    (87093, 57, 25),
    (18544, 69, 16),
    (56007, 78, 18),
    (16912, 21, 18),
    (18207, 22, 9),
    (80196, 95, 9),
    (23864, 33, 10),
    (12107, 18, 12),
    (48386, 70, 12),
    (83615, 44, 17),
    (99833, 27, 8),
    (48090, 35, 25),
    (80196, 92, 13),
    (74637, 21, 20),
    (29013, 21, 8),
    (2148, 83, 6),
    (1681, 35, 17),
    (18853, 29, 24),
    (52979, 47, 14),
    (54008, 58, 22),
    (57938, 17, 10),
    (88109, 63, 23),
    (17394, 21, 13),
    (86910, 30, 23),
    (41352, 62, 25),
    (79792, 16, 16),
    (95549, 30, 6),
    (85830, 92, 21),
    (2438, 21, 19),
    (37332, 41, 21),
    (85817, 10, 8),
    (86703, 25, 22),
    (86015, 47, 25),
    (70053, 19, 13),
    (66400, 58, 14),
    (92227, 65, 23),
    (74744, 38, 25),
    (2189, 21, 21),
    (11188, 40, 10),
    (85592, 53, 22),
    (49324, 33, 14),
    (70518, 48, 10),
    (7803, 35, 18),
    (56222, 79, 10),
    (82091, 41, 23),
    (62026, 26, 25),
    (69516, 8, 8),
    (7803, 66, 25),
    (45962, 54, 8),
    (492, 84, 17),
    (62475, 34, 18),
    (31587, 69, 25),
    (13951, 97, 11),
    (62905, 53, 20),
    (72172, 33, 24),
    (84426, 74, 15),
    (26364, 15, 11),
    (41347, 65, 16),
    (75096, 48, 19),
    (50676, 29, 18),
    (38045, 48, 24),
    (54052, 36, 25),
    (76707, 37, 9),
    (10865, 52, 23),
    (29827, 89, 22),
    (34584, 24, 13),
    (45157, 21, 18),
    (42773, 81, 20),
    (18307, 34, 17),
    (5638, 23, 9),
    (35051, 49, 24),
    (69422, 34, 20),
    (84585, 16, 15),
    (57939, 49, 25),
    (76080, 29, 23),
    (7848, 71, 17),
    (37509, 31, 8),
    (8506, 61, 18),
    (70598, 91, 25),
    (145, 50, 14),
    (17394, 24, 21),
    (49107, 62, 21),
    (48090, 34, 21),
    (92138, 51, 16),
    (4247, 24, 23),
    (85830, 14, 12),
    (14724, 23, 23),
    (36159, 20, 17),
    (69136, 50, 15),
    (74710, 27, 20),
    (73231, 89, 8),
    (50040, 85, 17),
    (99833, 14, 8),
    (28475, 26, 22),
    (51019, 63, 21),
    (64665, 31, 22),
    (57310, 37, 6),
    (3625, 30, 21),
    (34336, 42, 21),
    (82106, 60, 8),
    (71397, 26, 6),
    (98842, 84, 21),
    (60407, 30, 22),
    (70035, 72, 15),
    (42445, 28, 17),
    (90147, 39, 11),
    (39304, 85, 8),
    (8897, 55, 9),
    (75933, 52, 19),
    (62131, 33, 11),
    (94847, 31, 16),
    (6998, 28, 7),
    (6095, 56, 9),
    (15869, 24, 11),
    (26345, 9, 8),
    (56666, 60, 11),
    (31347, 82, 15),
    (38430, 96, 10),
    (52918, 42, 8),
    (77725, 40, 16),
    (95030, 29, 17),
    (19683, 16, 13),
    (85665, 56, 14),
    (63832, 23, 20),
    (92288, 46, 10),
    (28620, 19, 10),
    (55147, 80, 17),
    (30164, 39, 11),
    (96135, 47, 16),
    (11411, 75, 9),
    (15152, 84, 7),
    (33090, 59, 11),
    (95546, 26, 20),
    (49324, 67, 11),
    (54383, 34, 6),
    (18354, 38, 23),
    (24078, 98, 20),
    (92288, 24, 13),
    (75535, 85, 15),
    (23119, 74, 18),
    (8870, 91, 11),
    (83451, 42, 22),
    (38430, 21, 8),
    (59439, 23, 17),
    (35776, 23, 16),
    (45549, 66, 13),
    (18655, 52, 16),
    (48090, 10, 6),
    (5737, 52, 18),
    (8162, 59, 21),
    (73516, 15, 10),
    (46128, 73, 14),
    (13164, 65, 7),
    (3019, 60, 13),
    (68920, 75, 25),
    (86584, 97, 17),
    (69190, 53, 12),
    (46004, 97, 10),
    (99661, 65, 9),
    (95030, 47, 14),
    (62471, 27, 9),
    (73813, 59, 18),
    (98509, 26, 13),
    (53328, 38, 23),
    (51026, 8, 6),
    (66844, 55, 18),
    (829, 33, 25),
    (37260, 32, 24),
    (57206, 13, 7),
    (43693, 13, 12),
    (17015, 90, 20),
    (73603, 12, 8),
    (40130, 39, 25),
    (4698, 65, 24),
    (65343, 26, 14),
    (37426, 62, 13),
    (57397, 44, 17),
    (83615, 38, 23),
    (94541, 35, 18),
    (26345, 18, 10),
    (41268, 79, 16),
    (88008, 30, 9),
    (94541, 78, 22),
    (4266, 95, 20),
    (1979, 22, 18),
    (84130, 37, 23),
    (33674, 35, 24),
    (18636, 43, 10),
    (45549, 9, 6),
    (63831, 84, 20),
    (3001, 74, 10),
    (59607, 96, 13),
    (94408, 39, 23),
    (60777, 64, 24),
    (17134, 85, 9),
    (4393, 35, 19),
    (3198, 47, 15),
    (73017, 58, 25),
    (9442, 97, 21),
    (10258, 94, 23),
    (74920, 98, 7),
    (66459, 79, 24),
    (99833, 59, 12),
    (21265, 24, 13),
    (90147, 75, 17),
    (94288, 31, 17),
    (30164, 43, 18),
    (1322, 31, 22),
    (12575, 89, 25),
    (45559, 84, 8),
    (38037, 15, 14),
    (51689, 63, 7),
    (41278, 19, 14),
    (276, 33, 25),
    (42087, 32, 22),
    (75441, 90, 10),
    (76122, 38, 14),
    (15152, 16, 13),
    (31456, 68, 13),
    (45332, 41, 6),
    (87055, 37, 25),
    (80579, 50, 20),
    (96987, 40, 21),
    (1183, 56, 12),
    (52594, 90, 24),
    (36193, 95, 25),
    (13535, 93, 16),
    (44722, 82, 25),
    (65789, 41, 9),
    (91614, 94, 24),
    (73741, 66, 17),
    (52918, 91, 10),
    (22553, 26, 25),
    (85729, 8, 7),
    (18956, 60, 11),
    (21265, 96, 8),
    (5638, 16, 12),
    (42478, 21, 15),
    (14724, 30, 19),
    (16348, 68, 11),
    (12575, 24, 21),
    (44829, 19, 9),
    (5158, 34, 23),
    (63026, 9, 6),
    (47897, 21, 7),
    (39888, 72, 23),
    (90680, 79, 25),
    (92156, 16, 7),
    (34333, 48, 12),
    (54206, 41, 12),
    (2775, 69, 21),
    (59414, 30, 20),
    (62911, 48, 18),
    (36159, 52, 9),
    (18633, 64, 9),
    (43868, 91, 7),
    (92843, 65, 14),
    (78498, 99, 7),
    (41261, 34, 9),
    (41871, 91, 24),
    (97427, 29, 9),
    (98729, 47, 7),
    (49942, 60, 23),
    (21326, 37, 17),
    (2682, 13, 12),
    (38454, 70, 22),
    (3260, 41, 9),
    (60201, 84, 12),
    (5880, 47, 13),
    (24750, 45, 23),
    (28859, 23, 7),
    (4850, 54, 11),
    (5737, 48, 7),
    (93931, 82, 9),
    (99851, 81, 13),
    (17596, 92, 21),
    (77290, 89, 19),
    (29037, 67, 8),
    (64281, 63, 14),
    (68414, 93, 16),
    (4449, 43, 12),
    (62131, 14, 10),
    (66001, 78, 13),
    (38908, 78, 11),
    (42445, 78, 8),
    (27280, 44, 16),
    (1985, 57, 19),
    (41268, 11, 11),
    (7417, 73, 11),
    (8347, 76, 14),
    (85729, 29, 24),
    (42387, 33, 17),
    (86798, 47, 25),
    (83451, 46, 16),
    (39181, 20, 16),
    (85048, 63, 18),
    (41278, 80, 11),
    (7962, 18, 15),
    (1526, 20, 20),
    (58673, 25, 10),
    (9442, 92, 7),
    (17603, 99, 17),
    (4750, 86, 22),
    (42877, 21, 9),
    (6377, 18, 8),
    (39388, 66, 23),
    (92697, 59, 13),
    (61110, 67, 13),
    (64311, 37, 11),
    (60874, 41, 8),
    (79542, 26, 22),
    (34333, 18, 14),
    (14308, 97, 14),
    (35608, 33, 22),
    (31004, 44, 13),
    (12906, 34, 23),
    (13951, 67, 20),
    (4768, 37, 18),
    (76562, 33, 19),
    (29013, 80, 20),
    (86584, 48, 22),
    (79236, 93, 20),
    (22938, 60, 18),
    (2775, 38, 23),
    (85662, 28, 15),
    (86584, 36, 12),
    (86334, 74, 21),
    (57804, 52, 9),
    (92799, 58, 11),
    (70293, 80, 17),
    (89202, 66, 21),
    (94541, 69, 24),
    (1827, 31, 18),
    (49376, 38, 24),
    (45776, 32, 24),
    (15521, 65, 18),
    (17134, 33, 24),
    (45230, 87, 6),
    (65550, 42, 23),
    (35961, 18, 17),
    (97937, 26, 12),
    (26364, 69, 12),
    (94218, 33, 20),
    (10853, 91, 15),
    (55948, 23, 17),
    (36992, 58, 8),
    (47425, 10, 8),
    (47425, 31, 23),
    (88165, 72, 25),
    (58627, 25, 7),
    (90680, 39, 25),
    (86480, 53, 21),
    (36244, 64, 21),
    (8668, 57, 17),
    (82128, 75, 23),
    (58470, 32, 17),
    (6708, 69, 9),
    (83824, 11, 8),
    (63832, 20, 18),
    (59230, 38, 22),
    (73231, 74, 23),
    (70293, 11, 10),
    (97110, 34, 25),
    (90147, 51, 21),
    (21284, 95, 13),
    (48090, 19, 19),
    (85566, 70, 23),
    (95546, 36, 7),
    (95996, 93, 9),
    (44061, 37, 12),
    (10779, 59, 16),
    (75096, 74, 14),
    (57310, 75, 12),
    (2924, 77, 25),
    (99071, 62, 8),
    (59607, 40, 17),
    (4266, 28, 23),
    (20881, 29, 9),
    (80579, 16, 7),
    (44435, 76, 9),
    (39181, 21, 14),
    (57252, 48, 6),
    (70518, 56, 12),
    (37485, 68, 6),
    (70564, 28, 17),
    (86015, 17, 9),
    (9465, 89, 14),
    (64281, 56, 19),
    (88454, 46, 18),
    (29166, 84, 18),
    (95911, 37, 18),
    (23898, 35, 16),
    (82106, 23, 8),
    (64810, 32, 23),
    (66282, 41, 18),
    (6708, 8, 6),
    (24325, 31, 17),
    (82091, 90, 22),
    (88454, 49, 13),
    (7551, 30, 22),
    (98833, 92, 6),
    (49376, 38, 9),
    (85662, 54, 14),
    (64311, 44, 18),
    (54383, 48, 22),
    (86584, 97, 10),
    (17603, 28, 21),
    (88815, 56, 6),
    (13164, 45, 15),
    (36159, 92, 15),
    (45663, 35, 24),
    (82016, 61, 9),
    (42370, 79, 20),
    (20068, 29, 20),
    (98663, 90, 13),
    (23908, 48, 20),
    (66715, 30, 21),
    (96270, 9, 8),
    (56459, 43, 22),
    (12575, 52, 16),
    (45776, 95, 22),
    (23864, 74, 19),
    (97157, 85, 20),
    (23898, 34, 21),
    (45955, 20, 17),
    (61020, 25, 18),
    (85566, 23, 13),
    (75478, 25, 25),
    (21884, 46, 10),
    (96135, 69, 24),
    (28404, 31, 24),
    (82851, 37, 20),
    (62063, 43, 18),
    (94910, 94, 23),
    (73009, 90, 25),
    (18307, 68, 11),
    (84426, 52, 14),
    (73821, 61, 10),
    (42538, 25, 18),
    (2924, 30, 16),
    (38691, 82, 6),
    (10865, 81, 22),
    (49107, 27, 12),
    (73017, 90, 8),
    (3029, 46, 13),
    (91804, 41, 23),
    (95958, 60, 10),
    (61260, 17, 9),
    (60777, 63, 12),
    (63850, 11, 9),
    (773, 98, 17),
    (14308, 72, 18),
    (27343, 93, 9),
    (96987, 20, 11),
    (15035, 11, 8),
    (12974, 42, 22),
    (76589, 68, 18),
    (8162, 31, 18),
    (81526, 87, 10),
    (90022, 77, 17),
    (11859, 29, 18),
    (60706, 95, 22),
    (85569, 77, 20),
    (7804, 54, 14),
    (92655, 29, 13),
    (79236, 18, 14),
    (86417, 50, 6),
    (95911, 34, 18),
    (35051, 40, 15),
    (54617, 30, 17),
    (37260, 36, 19),
    (84592, 8, 7),
    (67097, 21, 20),
    (42649, 97, 7),
    (4698, 84, 12),
    (276, 39, 16),
    (78796, 73, 20),
    (7848, 38, 21),
    (59483, 84, 17),
    (86015, 87, 17),
    (64086, 44, 6),
    (84055, 66, 8),
    (56132, 58, 25),
    (21284, 38, 17),
    (53400, 89, 13),
    (18544, 40, 25),
    (57862, 62, 21),
    (76686, 31, 15),
    (24633, 38, 17),
    (23080, 92, 8),
    (91071, 51, 17),
    (4308, 12, 7),
    (95570, 27, 18),
    (45663, 13, 11),
    (70894, 30, 20),
    (92655, 50, 12),
    (95267, 51, 14),
    (96524, 84, 15),
    (44709, 8, 8),
    (75933, 66, 21),
    (52594, 89, 13),
    (15447, 86, 12),
    (20881, 90, 20),
    (91513, 30, 24),
    (87093, 28, 12),
    (77720, 58, 7),
    (829, 46, 10),
    (18544, 77, 12),
    (69393, 74, 22),
    (34269, 14, 14),
    (89086, 68, 14),
    (67149, 67, 21),
    (6561, 86, 19),
    (75410, 99, 17),
    (28404, 78, 12),
    (4850, 79, 24),
    (97937, 35, 20),
    (76068, 19, 14),
    (99833, 74, 10),
    (40387, 85, 22),
    (76080, 32, 17),
    (63085, 44, 25),
    (7418, 33, 18),
    (85566, 92, 17),
    (31068, 31, 19),
    (3062, 70, 25),
    (13958, 99, 25),
    (55184, 29, 21),
    (45764, 89, 19),
    (61602, 98, 18),
    (37629, 64, 13),
    (88171, 59, 21),
    (10853, 74, 6),
    (96815, 44, 8),
    (62414, 26, 14),
    (99068, 15, 12),
    (87446, 23, 17),
    (95980, 66, 9),
    (38454, 72, 9),
    (38691, 58, 20),
    (8870, 88, 18),
    (88723, 10, 7),
    (85956, 13, 10),
    (95267, 94, 17),
    (80036, 71, 21),
    (38908, 53, 23),
    (72422, 45, 25),
    (73821, 64, 24),
    (29394, 50, 17),
    (11824, 16, 13),
    (99728, 99, 25),
    (32989, 13, 11),
    (94408, 22, 7),
    (96135, 58, 23),
    (68920, 82, 21),
    (98729, 11, 8),
    (42156, 89, 9),
    (41871, 35, 22),
    (28985, 82, 10),
    (77992, 22, 14),
    (65061, 55, 21),
    (58787, 89, 25),
    (54865, 71, 22),
    (75441, 88, 13),
    (93562, 26, 16),
    (97203, 78, 12),
    (42445, 17, 17),
    (52611, 92, 19),
    (15779, 19, 18),
    (67179, 87, 15),
    (66282, 71, 16),
    (64816, 54, 12),
    (46474, 24, 21),
    (51187, 66, 6),
    (85048, 32, 25),
    (44328, 30, 20),
    (77992, 32, 9),
    (24078, 19, 12),
    (17603, 43, 25),
    (62389, 25, 15),
    (12559, 27, 20),
    (63085, 73, 24),
    (3423, 35, 15),
    (5638, 77, 11),
    (56113, 18, 10),
    (37458, 9, 7),
    (42156, 95, 25),
    (88815, 58, 12),
    (76080, 33, 22),
    (52401, 37, 24),
    (31388, 95, 15),
    (93931, 57, 13),
    (70650, 74, 21),
    (64311, 79, 20),
    (82851, 62, 6),
    (4393, 92, 23),
    (33674, 73, 15),
    (76068, 49, 19),
    (36244, 33, 18),
    (25505, 81, 18),
    (46128, 73, 16),
    (83739, 58, 14),
    (81901, 57, 14),
    (66001, 59, 7),
    (86098, 25, 14),
    (44435, 68, 25),
    (38430, 65, 20),
    (95996, 99, 16),
    (43868, 32, 21),
    (11188, 18, 16),
    (79542, 85, 8),
    (95267, 35, 24),
    (35961, 30, 16),
    (86703, 72, 7),
    (37542, 52, 8),
    (63085, 80, 6),
    (93562, 27, 18),
    (61643, 21, 12),
    (20146, 25, 15),
    (37260, 63, 16),
    (65789, 85, 13),
    (98782, 44, 13),
    (85662, 35, 21),
    (58787, 27, 18),
    (54206, 43, 9),
    (37629, 91, 17),
    (8169, 12, 11),
    (31807, 98, 24),
    (92138, 33, 9),
    (13337, 73, 24),
    (29332, 42, 10),
    (67575, 31, 25),
    (3001, 99, 24),
    (57855, 44, 20),
    (67253, 95, 6),
    (76686, 16, 15),
    (43693, 97, 12),
    (60407, 76, 13),
    (15447, 17, 10),
    (4226, 54, 17),
    (95079, 73, 8),
    (5158, 73, 12),
    (82394, 58, 21),
    (46004, 79, 22),
    (94408, 55, 19),
    (96524, 48, 9),
    (7060, 85, 18),
    (88008, 80, 17),
    (49107, 45, 20),
    (38877, 60, 24),
    (21374, 21, 19),
    (57855, 38, 24),
    (39304, 44, 6),
    (54617, 16, 11),
    (1985, 34, 21),
    (2682, 65, 8),
    (94910, 86, 18),
    (4768, 55, 24),
    (60192, 89, 10),
    (76966, 34, 25),
    (8902, 66, 24),
    (86015, 36, 14),
    (37702, 72, 13),
    (96135, 18, 10),
    (24078, 24, 21),
    (68218, 89, 14),
    (83836, 22, 16),
    (73009, 27, 18),
    (68400, 93, 22),
    (70650, 66, 19),
    (71592, 10, 10),
    (69003, 74, 14),
    (59384, 66, 13),
    (12107, 77, 18),
    (40415, 73, 7),
    (21772, 34, 15),
    (63195, 53, 18),
    (68218, 40, 22),
    (27056, 58, 20),
    (99454, 16, 10),
    (91469, 92, 23),
    (73009, 25, 20),
    (46749, 31, 17),
    (1183, 22, 19),
    (32875, 82, 7),
    (30465, 65, 23),
    (18207, 93, 13),
    (73814, 89, 23),
    (31483, 65, 10),
    (64810, 38, 21),
    (29332, 75, 10),
    (99619, 73, 20),
    (16515, 75, 6),
    (70053, 72, 8),
    (61602, 45, 12),
    (67805, 31, 9),
    (13592, 64, 21),
    (2148, 49, 13),
    (92655, 41, 24),
    (80308, 21, 14),
    (42538, 29, 19),
    (36193, 84, 9),
    (21326, 41, 23),
    (77290, 94, 23),
    (65061, 60, 8),
    (65343, 80, 16),
    (15709, 37, 16),
    (74519, 82, 21),
    (11824, 57, 16),
    (79236, 34, 13),
    (43693, 20, 18),
    (66396, 73, 19),
    (18853, 65, 24),
    (4226, 77, 7),
    (80673, 84, 15),
    (54206, 25, 17),
    (54752, 52, 13),
    (94160, 40, 20),
    (56222, 72, 12),
    (33811, 99, 17),
    (45157, 36, 9),
    (29375, 52, 20),
    (61780, 71, 18),
    (38945, 89, 16),
    (16881, 99, 11),
    (99661, 29, 17),
    (2775, 45, 24),
    (11188, 73, 11),
    (59423, 32, 7),
    (42478, 57, 17),
    (24360, 58, 13),
    (56645, 39, 24),
    (65960, 61, 21),
    (79146, 73, 19),
    (82128, 87, 15),
    (64816, 99, 15),
    (93232, 44, 10),
    (88723, 50, 13),
    (31068, 18, 9),
    (94910, 65, 21),
    (84426, 86, 7),
    (54865, 60, 7),
    (37332, 76, 20),
    (78760, 41, 23),
    (30899, 85, 24),
    (81526, 83, 22),
    (77992, 20, 18),
    (18879, 8, 6),
    (44722, 78, 19),
    (10792, 64, 9),
    (55824, 27, 25),
    (47881, 56, 15),
    (74434, 65, 8),
    (58378, 42, 20),
    (76122, 20, 9),
    (23080, 96, 18),
    (45375, 30, 16),
    (62703, 39, 24),
    (87055, 74, 10),
    (7418, 23, 21),
    (3294, 97, 9),
    (31480, 56, 15),
    (20881, 86, 17),
    (10779, 41, 22),
    (88971, 62, 10),
    (85662, 38, 25),
    (5737, 79, 18),
    (79330, 64, 22),
    (96922, 32, 13),
    (74434, 77, 19),
    (67179, 73, 13),
    (773, 41, 17),
    (99728, 23, 20),
    (90680, 30, 12),
    (54752, 70, 21),
    (23864, 44, 10),
    (91584, 70, 22),
    (21048, 64, 24),
    (96524, 97, 9),
    (70814, 7, 7),
    (66548, 88, 17),
    (20220, 37, 7),
    (95461, 93, 14),
    (72429, 82, 12),
    (53323, 95, 19),
    (8162, 20, 13),
    (95704, 88, 21),
    (79792, 90, 13),
    (73649, 23, 8),
    (51228, 15, 8),
    (97427, 40, 19),
    (86417, 76, 11),
    (64311, 64, 14),
    (36244, 25, 23),
    (78760, 39, 22),
    (61792, 44, 24),
    (44328, 54, 13),
    (76426, 49, 17),
    (76080, 17, 13),
    (68792, 74, 19),
    (15447, 46, 22),
    (96524, 87, 7),
    (94541, 28, 9),
    (33285, 22, 8),
    (53328, 23, 23),
    (72199, 39, 15),
    (63831, 34, 14),
    (35608, 36, 9),
    (8897, 37, 21),
    (33996, 37, 21),
    (68218, 58, 13),
    (10099, 31, 17),
    (97157, 38, 18),
    (78738, 23, 11),
    (83943, 82, 10),
    (3260, 53, 10),
    (4538, 52, 23),
    (58550, 99, 22),
    (85665, 24, 20),
    (1979, 17, 10),
    (33214, 18, 18),
    (18853, 55, 10),
    (25597, 96, 6),
    (9761, 53, 7),
    (1003, 24, 15),
    (13164, 91, 17),
    (68400, 13, 8),
    (25505, 29, 14),
    (57939, 22, 14),
    (86584, 78, 9),
    (81615, 13, 8),
    (35608, 68, 23),
    (1985, 92, 7),
    (23864, 56, 6),
    (27056, 16, 9),
    (72199, 42, 20),
    (24360, 32, 22),
    (95527, 19, 14),
    (91804, 52, 7),
    (74902, 71, 21),
    (64311, 36, 24),
    (88815, 65, 16),
    (92697, 37, 19),
    (36548, 62, 19),
    (11824, 76, 9),
    (45230, 29, 18),
    (28324, 34, 21),
    (95570, 8, 7),
    (43667, 40, 8),
    (36992, 31, 10),
    (73741, 43, 13),
    (86334, 40, 10),
    (34516, 88, 19),
    (15197, 35, 17),
    (26580, 14, 13),
    (37332, 60, 6),
    (13744, 26, 20),
    (54982, 51, 15),
    (39888, 35, 23),
    (45332, 86, 8),
    (46004, 97, 14),
    (16881, 68, 19),
    (59874, 92, 24),
    (21284, 30, 7),
    (37542, 89, 8),
    (9761, 52, 17),
    (97359, 86, 16),
    (64145, 75, 24),
    (18956, 11, 6),
    (66282, 90, 23),
    (6089, 29, 8),
    (70035, 22, 14),
    (67148, 45, 22),
    (34718, 90, 11),
    (21265, 43, 23),
    (16515, 55, 10),
    (92138, 78, 17),
    (10779, 20, 14),
    (66715, 51, 21),
    (26580, 44, 14),
    (10053, 64, 22),
    (48386, 49, 6),
    (25531, 64, 6),
    (69516, 19, 14),
    (29037, 87, 24),
    (92138, 90, 10),
    (74902, 21, 19),
    (23110, 38, 7),
    (51026, 75, 21),
    (15965, 25, 15),
    (37606, 12, 12),
    (56710, 24, 16),
    (17579, 35, 16),
    (45230, 55, 24),
    (88205, 56, 13),
    (61020, 25, 22),
    (29375, 29, 18),
    (80411, 99, 8),
    (92843, 14, 10),
    (29694, 77, 9),
    (7472, 31, 18),
    (42002, 99, 12),
    (32127, 30, 19),
    (44328, 57, 22),
    (50634, 26, 16),
    (10865, 34, 18),
    (90628, 37, 16),
    (18307, 66, 10),
    (73821, 24, 18),
    (64127, 63, 20),
    (14144, 81, 20),
    (55774, 72, 21),
    (18823, 92, 12),
    (63722, 54, 11),
    (42773, 64, 8),
    (38558, 66, 15),
    (45375, 99, 23),
    (63312, 54, 22),
    (20220, 41, 14),
    (76589, 83, 22),
    (89953, 55, 9),
    (26992, 15, 8),
    (50676, 96, 21),
    (98663, 82, 22),
    (65536, 19, 15),
    (18064, 27, 17),
    (60777, 43, 25),
    (63850, 44, 20),
    (19481, 28, 12),
    (48645, 55, 10),
    (62414, 17, 11),
    (83681, 60, 17),
    (54982, 15, 11),
    (95704, 40, 24),
    (10611, 68, 24),
    (7803, 26, 7),
    (92697, 97, 20),
    (88711, 25, 21),
    (41278, 86, 6),
    (23434, 94, 17),
    (54026, 23, 14),
    (62703, 51, 13),
    (5880, 51, 9),
    (47897, 97, 18),
    (56803, 93, 18),
    (23662, 91, 21),
    (23080, 28, 19),
    (70398, 61, 16),
    (18205, 25, 23),
    (18307, 7, 6),
    (829, 22, 12),
    (19170, 28, 17),
    (99625, 31, 22),
    (58673, 53, 7),
    (34269, 93, 7),
    (42002, 10, 9),
    (19001, 88, 15),
    (84130, 52, 12),
    (52594, 45, 23),
    (16922, 22, 10),
    (1712, 63, 19),
    (88755, 23, 13),
    (37349, 24, 13),
    (73649, 19, 18),
    (39304, 28, 15),
    (43868, 86, 23),
    (5158, 47, 24),
    (82407, 52, 6),
    (6384, 83, 15),
    (2438, 37, 23),
    (27927, 33, 25),
    (85865, 83, 7),
    (98833, 64, 19),
    (54865, 27, 23),
    (50676, 69, 8),
    (7848, 76, 17),
    (86674, 38, 12),
    (3198, 25, 16),
    (71397, 90, 6),
    (76562, 87, 12),
    (11824, 25, 25),
    (17134, 70, 10),
    (14144, 46, 9),
    (89202, 96, 13),
    (83943, 93, 13),
    (8870, 78, 18),
    (32235, 19, 10),
    (48944, 43, 10),
    (46128, 29, 25),
    (49324, 95, 17),
    (66149, 29, 18),
    (96135, 36, 22),
    (62874, 65, 24),
    (17572, 26, 25),
    (43196, 40, 13),
    (62905, 86, 24),
    (15564, 51, 17),
    (88165, 39, 6),
    (85566, 91, 16),
    (27096, 44, 12),
    (54206, 38, 19),
    (4226, 51, 23),
    (96135, 12, 11),
    (13535, 72, 23),
    (12559, 8, 7),
    (77372, 91, 13),
    (43864, 17, 15),
    (14144, 22, 15),
    (96922, 40, 6),
    (43667, 74, 17),
    (75096, 43, 21),
    (74878, 76, 21),
    (82407, 44, 21),
    (63831, 43, 6),
    (6377, 62, 20),
    (11914, 36, 23),
    (78760, 90, 24),
    (13744, 29, 18),
    (73694, 19, 10),
    (94363, 50, 24),
    (8595, 27, 24),
    (60743, 83, 12),
    (87093, 45, 18),
    (41268, 77, 10),
    (47999, 88, 9),
    (88454, 69, 12),
    (45549, 23, 9),
    (58121, 91, 14),
    (1387, 91, 25),
    (34336, 31, 12),
    (10865, 16, 15),
    (41101, 55, 16),
    (86412, 51, 16),
    (39888, 84, 14),
    (54752, 76, 16),
    (97879, 18, 10),
    (86798, 20, 14),
    (59563, 34, 20),
    (36056, 69, 18),
    (18291, 16, 8),
    (31587, 64, 9),
    (45955, 66, 19),
    (15709, 68, 10),
    (18544, 70, 18),
    (81615, 14, 14),
    (4919, 90, 25),
    (43196, 28, 19),
    (93931, 39, 6),
    (65844, 41, 8),
    (40747, 94, 13),
    (92254, 26, 16),
    (55689, 35, 16),
    (6744, 71, 13),
    (18064, 81, 19),
    (3029, 24, 16),
    (99071, 17, 15),
    (58045, 16, 11),
    (41547, 36, 18),
    (12974, 30, 22),
    (37629, 39, 22),
    (64086, 28, 11),
    (42156, 92, 13),
    (20042, 23, 6),
    (76707, 51, 21),
    (65061, 72, 11),
    (97937, 19, 17),
    (829, 85, 12),
    (20220, 29, 13),
    (14724, 41, 20),
    (47158, 67, 13),
    (76707, 76, 12),
    (60414, 16, 16),
    (80196, 90, 9),
    (6744, 59, 11),
    (68573, 54, 8),
    (32127, 84, 15),
    (37260, 46, 8),
    (12974, 46, 21),
    (90147, 48, 25),
    (95546, 37, 21),
    (64894, 21, 13),
    (54102, 48, 14),
    (69422, 78, 8),
    (21048, 33, 25),
    (53328, 26, 19),
    (66149, 59, 14),
    (68920, 14, 14),
    (64311, 27, 25),
    (37268, 25, 9),
    (37485, 53, 11),
    (21374, 50, 7),
    (25540, 96, 8),
    (18823, 53, 10),
    (63893, 79, 13),
    (1827, 32, 23),
    (7803, 61, 24),
    (49376, 12, 7),
    (27096, 46, 11),
    (11957, 91, 11),
    (2741, 13, 9),
    (18291, 47, 16),
    (67253, 41, 25),
    (62911, 33, 10),
    (7289, 83, 18),
    (60777, 71, 19),
    (5158, 93, 18),
    (13951, 54, 15),
    (85274, 20, 11),
    (85729, 55, 9),
    (55439, 25, 8),
    (36584, 64, 21),
    (94160, 85, 12),
    (7346, 32, 16),
    (38037, 70, 21),
    (37332, 71, 23),
    (18354, 21, 17),
    (31480, 90, 6),
    (83681, 58, 6),
    (38045, 28, 24),
    (38045, 21, 7),
    (70488, 59, 20),
    (73603, 73, 11),
    (16579, 87, 18),
    (62414, 87, 7),
    (96643, 30, 21),
    (64894, 33, 21),
    (54865, 46, 24),
    (37260, 52, 9),
    (63026, 82, 6),
    (64022, 51, 22),
    (68920, 23, 22),
    (67097, 43, 16),
    (25531, 92, 20),
    (60168, 47, 13),
    (94442, 86, 15),
    (37260, 70, 16),
    (27940, 53, 14),
    (6744, 31, 10),
    (73814, 86, 22),
    (88755, 30, 19),
    (59607, 94, 17),
    (41714, 32, 25),
    (26060, 32, 20),
    (58460, 57, 10),
    (54752, 73, 10),
    (48944, 40, 11),
    (37260, 28, 9),
    (73649, 92, 23),
    (96524, 36, 23),
    (70782, 94, 8),
    (64234, 8, 6),
    (13337, 25, 24),
    (11411, 18, 16),
    (83681, 55, 24),
    (65550, 94, 20),
    (30899, 72, 23),
    (99068, 36, 22),
    (9899, 69, 17),
    (57938, 98, 13),
    (6089, 35, 13),
    (84211, 80, 25),
    (36056, 50, 24),
    (18064, 27, 6),
    (42445, 73, 19),
    (3198, 24, 15),
    (74902, 77, 10),
    (97157, 51, 9),
    (48645, 73, 19),
    (9465, 80, 9),
    (86910, 82, 25),
    (50040, 34, 25),
    (31587, 77, 13),
    (89274, 33, 23),
    (29037, 15, 12),
    (63722, 98, 15),
    (39304, 35, 19),
    (6384, 67, 16),
    (4850, 25, 13),
    (65804, 21, 13),
    (57804, 31, 23),
    (11338, 32, 17),
    (92138, 64, 14),
    (79938, 91, 16),
    (82535, 24, 24),
    (72429, 26, 15),
    (99787, 33, 21),
    (82106, 74, 23),
    (21772, 15, 15),
    (76313, 74, 11),
    (64867, 61, 6),
    (80036, 53, 9),
    (83240, 79, 9),
    (74932, 64, 16),
    (85592, 34, 21),
    (93232, 58, 6),
    (79330, 25, 14),
    (61286, 33, 18),
    (62475, 89, 6),
    (43737, 85, 21),
    (70598, 82, 20),
    (59423, 23, 18),
    (66715, 28, 22),
    (45061, 79, 7),
    (13640, 75, 9),
    (83824, 26, 12),
    (31866, 24, 9),
    (91614, 78, 17),
    (54383, 43, 19),
    (87093, 38, 22),
    (80796, 14, 11),
    (70035, 25, 10),
    (56838, 30, 23),
    (7472, 42, 18),
    (94021, 50, 25),
    (68551, 51, 20),
    (17134, 84, 15),
    (21884, 84, 12),
    (23434, 26, 11),
    (50634, 84, 9),
    (11338, 79, 13),
    (59899, 22, 17),
    (15521, 72, 14),
    (31347, 49, 17),
    (83615, 35, 21),
    (64867, 29, 17),
    (3257, 10, 8),
    (34269, 73, 10),
    (88815, 76, 19),
    (43667, 46, 24),
    (60168, 35, 23),
    (43013, 51, 23),
    (83739, 60, 23),
    (46749, 61, 25),
    (90979, 55, 7),
    (59874, 15, 7),
    (60168, 97, 13),
    (4750, 64, 21),
    (59874, 12, 9),
    (58627, 95, 13),
    (45375, 11, 6),
    (66617, 17, 9),
    (43868, 49, 16),
    (78675, 91, 15),
    (41352, 73, 16),
    (3198, 74, 14),
    (57855, 89, 12),
    (96135, 19, 10),
    (4266, 66, 15),
    (48306, 96, 25),
    (90147, 32, 18),
    (38454, 89, 16),
    (53328, 39, 20),
    (98192, 58, 12),
    (86334, 31, 24),
    (5767, 27, 24),
    (67793, 30, 25),
    (21884, 33, 8),
    (30164, 46, 22),
    (8045, 62, 20),
    (31480, 22, 7),
    (14292, 31, 14),
    (3257, 25, 6),
    (27280, 97, 24),
    (7418, 40, 16),
    (84130, 19, 15),
    (71397, 71, 15),
    (28620, 83, 7),
    (18291, 82, 19),
    (99192, 56, 25),
    (7962, 78, 22),
    (48695, 44, 12),
    (10865, 24, 13),
    (92762, 48, 11),
    (21772, 45, 8),
    (68650, 33, 19),
    (31347, 90, 24),
    (47817, 14, 10),
    (45663, 35, 6),
    (32127, 41, 22),
    (17015, 11, 11),
    (65960, 22, 11),
    (31807, 45, 24),
    (76080, 30, 11),
    (86791, 77, 23),
    (1985, 16, 16),
    (41261, 55, 10),
    (57310, 20, 14),
    (36992, 30, 25),
    (83483, 47, 18),
    (89953, 22, 16),
    (21265, 52, 17),
    (95122, 77, 22),
    (27261, 6, 6),
    (68400, 95, 9),
    (43868, 42, 22),
    (5880, 77, 9),
    (94408, 27, 16),
    (38691, 16, 13),
    (46306, 64, 11),
    (44468, 37, 22),
    (90943, 65, 8),
    (45764, 43, 17),
    (48944, 73, 19),
    (33700, 35, 17),
    (90979, 87, 23),
    (13958, 89, 6),
    (81901, 95, 14),
    (85274, 37, 19),
    (48090, 14, 7),
    (64022, 54, 16),
    (39015, 50, 9),
    (68613, 23, 22),
    (3001, 75, 20),
    (43912, 85, 9),
    (2385, 46, 24),
    (26345, 29, 24),
    (50676, 67, 9),
    (2385, 34, 13),
    (22780, 33, 7),
    (62026, 86, 7),
    (59899, 12, 10),
    (87446, 25, 14),
    (64867, 67, 20),
    (90462, 99, 10),
    (68792, 21, 7),
    (60703, 99, 11),
    (7735, 60, 7),
    (18307, 93, 7),
    (27881, 93, 23),
    (92138, 92, 13),
    (66149, 17, 8),
    (69393, 87, 19),
    (27927, 24, 18),
    (53323, 35, 6),
    (3257, 59, 6),
    (27563, 41, 12),
    (27261, 22, 15),
    (57939, 33, 14),
    (39304, 35, 21),
    (83451, 90, 10),
    (24490, 61, 10),
    (42067, 32, 17),
    (773, 82, 17),
    (59414, 38, 15),
    (60703, 18, 17),
    (24633, 65, 14),
    (51026, 97, 13),
    (54752, 72, 22),
    (38045, 59, 21),
    (97155, 45, 8),
    (85451, 37, 20),
    (94761, 66, 23),
    (13164, 67, 11),
    (8162, 42, 15),
    (63832, 19, 15),
    (76562, 75, 24),
    (39304, 76, 25),
    (58787, 23, 13),
    (17015, 42, 24),
    (5652, 75, 17),
    (2189, 35, 22),
    (73017, 83, 18),
    (71592, 34, 16),
    (17066, 39, 20),
    (14724, 46, 18),
    (3294, 14, 11),
    (27333, 66, 10),
    (37606, 55, 25),
    (14724, 52, 23),
    (7583, 72, 24),
    (95704, 71, 14),
    (15197, 63, 21),
    (86910, 49, 14),
    (79236, 29, 22),
    (10888, 21, 7),
    (30486, 82, 21),
    (1712, 93, 7),
    (99871, 91, 13),
    (8347, 22, 19),
    (86798, 25, 17),
    (37542, 99, 9),
    (13164, 34, 18),
    (87845, 10, 7),
    (49942, 24, 23),
    (77865, 50, 15),
    (35022, 29, 25),
    (145, 17, 7),
    (81615, 76, 18),
    (91972, 71, 15),
    (13337, 32, 14),
    (43389, 52, 24),
    (38454, 66, 23),
    (38969, 92, 8),
    (43667, 49, 12),
    (97110, 41, 12),
    (89875, 18, 16),
    (75441, 85, 7),
    (53640, 14, 9),
    (19683, 45, 20),
    (78894, 21, 9),
    (39345, 10, 9),
    (64281, 59, 8),
    (23110, 26, 17),
    (64234, 59, 13),
    (1183, 29, 6),
    (56645, 28, 22),
    (49376, 35, 18),
    (86584, 54, 25),
    (88171, 55, 6),
    (96906, 77, 8),
    (28985, 49, 18),
    (74932, 25, 25),
    (90147, 58, 17),
    (89086, 58, 14),
    (63336, 87, 12),
    (10865, 85, 7),
    (60281, 24, 17),
    (3029, 26, 10),
    (99619, 41, 12),
    (58040, 22, 10),
    (20220, 81, 6),
    (27563, 27, 13),
    (8902, 89, 13),
    (68650, 65, 7),
    (89108, 65, 24),
    (24724, 61, 22),
    (70518, 98, 20),
    (35022, 69, 16),
    (87845, 43, 14),
    (13164, 95, 18),
    (37332, 29, 23),
    (40130, 73, 14),
    (18064, 98, 13),
    (21048, 31, 19),
    (57057, 53, 20),
    (70053, 36, 25),
    (51187, 28, 6),
    (52979, 16, 13),
    (87358, 49, 14),
    (85274, 77, 16),
    (93123, 65, 10),
    (94021, 71, 6),
    (55774, 14, 9),
    (28065, 59, 20),
    (35776, 90, 12),
    (70016, 59, 20),
    (59483, 96, 20),
    (84130, 75, 12),
    (95996, 25, 17),
    (69393, 97, 12),
    (48090, 38, 13),
    (27940, 67, 22),
    (59384, 89, 24),
    (72822, 31, 14),
    (74519, 68, 12),
    (23434, 70, 14),
    (70518, 41, 6)
;






CREATE TABLE challenges
    (`challenge_id` int, `college_id` int)
;
    
INSERT INTO challenges
    (`challenge_id`, `college_id`)
VALUES
    (97, 96),
    (145, 96),
    (276, 96),
    (345, 96),
    (492, 96),
    (558, 96),
    (773, 96),
    (791, 96),
    (829, 96),
    (868, 96),
    (1003, 191),
    (1183, 191),
    (1322, 191),
    (1387, 191),
    (1483, 191),
    (1526, 191),
    (1681, 191),
    (1712, 191),
    (1827, 191),
    (1979, 191),
    (1985, 326),
    (1989, 326),
    (2148, 326),
    (2189, 326),
    (2385, 326),
    (2438, 326),
    (2550, 326),
    (2682, 473),
    (2741, 473),
    (2775, 473),
    (2924, 750),
    (3001, 750),
    (3019, 750),
    (3029, 884),
    (3062, 884),
    (3089, 884),
    (3198, 884),
    (3257, 884),
    (3260, 884),
    (3294, 884),
    (3367, 958),
    (3423, 958),
    (3625, 958),
    (3784, 958),
    (4159, 958),
    (4226, 958),
    (4247, 958),
    (4266, 984),
    (4308, 984),
    (4393, 984),
    (4449, 984),
    (4538, 984),
    (4698, 984),
    (4750, 1055),
    (4768, 1055),
    (4850, 1055),
    (4866, 1055),
    (4919, 1055),
    (5069, 1055),
    (5158, 1055),
    (5638, 1055),
    (5652, 1076),
    (5737, 1076),
    (5767, 1076),
    (5880, 1076),
    (6089, 1076),
    (6095, 1076),
    (6304, 1076),
    (6377, 2062),
    (6384, 2062),
    (6561, 2062),
    (6708, 2062),
    (6744, 2062),
    (6921, 2062),
    (6998, 2062),
    (7060, 2062),
    (7289, 2073),
    (7346, 2073),
    (7417, 2073),
    (7418, 2185),
    (7472, 2185),
    (7551, 2185),
    (7583, 2185),
    (7735, 2185),
    (7803, 2185),
    (7804, 2185),
    (7848, 2185),
    (7962, 2185),
    (8045, 2185),
    (8065, 2202),
    (8162, 2202),
    (8169, 2202),
    (8246, 2202),
    (8347, 2202),
    (8386, 2202),
    (8506, 2202),
    (8595, 2202),
    (8668, 2202),
    (8680, 2202),
    (8870, 2220),
    (8897, 2220),
    (8902, 2220),
    (9361, 2220),
    (9442, 2220),
    (9465, 2220),
    (9524, 2220),
    (9761, 2422),
    (9899, 2422),
    (10053, 2422),
    (10099, 2422),
    (10258, 2422),
    (10513, 2422),
    (10611, 2422),
    (10718, 2422),
    (10779, 2684),
    (10792, 2684),
    (10853, 2684),
    (10865, 2684),
    (10888, 2684),
    (11023, 2684),
    (11188, 2720),
    (11338, 2720),
    (11411, 2720),
    (11646, 2720),
    (11824, 2720),
    (11859, 2734),
    (11914, 2734),
    (11957, 2734),
    (12107, 2734),
    (12421, 2816),
    (12559, 2816),
    (12575, 2816),
    (12705, 2816),
    (12906, 2816),
    (12974, 2816),
    (13164, 2816),
    (13211, 2816),
    (13337, 2950),
    (13356, 2950),
    (13535, 2950),
    (13574, 3042),
    (13592, 3042),
    (13640, 3042),
    (13744, 3042),
    (13951, 3042),
    (13958, 3042),
    (14144, 3042),
    (14292, 3042),
    (14308, 3154),
    (14724, 3154),
    (14950, 3154),
    (15029, 3265),
    (15035, 3265),
    (15152, 3265),
    (15197, 3325),
    (15366, 3325),
    (15447, 3325),
    (15521, 3325),
    (15564, 3325),
    (15709, 3325),
    (15779, 3597),
    (15869, 3597),
    (15965, 3597),
    (16348, 3925),
    (16515, 3925),
    (16579, 3925),
    (16861, 4018),
    (16877, 4018),
    (16881, 4018),
    (16912, 4246),
    (16922, 4246),
    (17015, 4246),
    (17066, 4246),
    (17134, 4246),
    (17394, 4246),
    (17572, 4246),
    (17579, 4246),
    (17596, 4445),
    (17603, 4445),
    (18064, 4445),
    (18205, 4445),
    (18207, 4445),
    (18291, 4445),
    (18307, 4543),
    (18354, 4543),
    (18544, 4543),
    (18633, 4543),
    (18636, 4543),
    (18655, 4543),
    (18750, 4543),
    (18823, 4543),
    (18853, 4543),
    (18879, 4623),
    (18931, 4623),
    (18956, 4623),
    (19001, 4623),
    (19170, 4623),
    (19177, 4629),
    (19436, 4629),
    (19481, 4629),
    (19587, 4629),
    (19683, 4629),
    (20042, 4629),
    (20068, 4957),
    (20146, 4957),
    (20220, 4957),
    (20502, 4957),
    (20790, 4957),
    (20828, 4957),
    (20881, 4957),
    (21048, 5112),
    (21265, 5112),
    (21284, 5112),
    (21326, 5112),
    (21374, 5112),
    (21612, 5112),
    (21716, 5112),
    (21772, 5112),
    (21884, 5112),
    (22351, 5305),
    (22553, 5305),
    (22652, 5305),
    (22780, 5305),
    (22938, 5305),
    (23080, 5305),
    (23110, 5305),
    (23119, 5473),
    (23434, 5473),
    (23662, 5473),
    (23826, 5473),
    (23864, 5473),
    (23898, 5473),
    (23908, 5473),
    (24078, 5473),
    (24325, 5473),
    (24360, 5473),
    (24490, 5592),
    (24633, 5592),
    (24724, 5592),
    (24750, 5592),
    (24989, 5592),
    (25505, 5592),
    (25531, 5592),
    (25540, 5717),
    (25597, 5717),
    (25740, 5717),
    (26060, 5717),
    (26345, 5717),
    (26364, 5717),
    (26512, 5782),
    (26580, 5782),
    (26599, 5782),
    (26992, 5782),
    (27056, 5930),
    (27096, 5930),
    (27261, 5930),
    (27280, 5930),
    (27333, 5930),
    (27339, 5930),
    (27343, 6088),
    (27414, 6088),
    (27502, 6088),
    (27563, 6088),
    (27643, 6088),
    (27881, 6088),
    (27891, 6088),
    (27927, 6341),
    (27940, 6341),
    (28065, 6341),
    (28067, 6341),
    (28324, 6343),
    (28404, 6343),
    (28475, 6343),
    (28620, 6343),
    (28859, 6343),
    (28985, 7124),
    (29013, 7124),
    (29037, 7124),
    (29166, 7124),
    (29226, 7124),
    (29332, 7124),
    (29375, 7124),
    (29394, 7419),
    (29694, 7419),
    (29827, 7419),
    (30096, 7419),
    (30164, 7419),
    (30465, 7419),
    (30486, 7432),
    (30899, 7432),
    (31004, 7432),
    (31068, 7651),
    (31347, 7651),
    (31388, 7651),
    (31399, 7651),
    (31456, 7651),
    (31480, 7651),
    (31483, 7651),
    (31587, 7651),
    (31807, 7865),
    (31866, 7865),
    (31900, 7865),
    (31923, 7865),
    (32127, 7865),
    (32155, 7865),
    (32173, 7910),
    (32235, 7910),
    (32322, 7910),
    (32651, 7910),
    (32674, 7910),
    (32681, 7965),
    (32875, 7965),
    (32989, 7965),
    (33090, 7965),
    (33214, 7965),
    (33221, 7965),
    (33285, 7965),
    (33674, 7965),
    (33696, 7965),
    (33700, 7965),
    (33811, 8433),
    (33996, 8433),
    (34139, 8433),
    (34269, 8433),
    (34333, 8433),
    (34336, 8433),
    (34516, 8433),
    (34584, 8884),
    (34718, 8884),
    (34879, 8884),
    (34960, 8884),
    (35022, 9053),
    (35051, 9053),
    (35079, 9053),
    (35081, 9053),
    (35608, 9053),
    (35776, 9053),
    (35946, 9053),
    (35961, 9053),
    (35982, 9053),
    (36056, 9359),
    (36159, 9359),
    (36193, 9359),
    (36244, 9359),
    (36283, 9359),
    (36381, 9359),
    (36382, 9359),
    (36503, 9672),
    (36548, 9672),
    (36584, 9672),
    (36891, 9672),
    (36992, 9672),
    (37211, 9701),
    (37260, 9701),
    (37268, 9701),
    (37332, 9701),
    (37349, 9701),
    (37426, 9701),
    (37458, 9701),
    (37485, 9701),
    (37498, 9701),
    (37509, 10142),
    (37542, 10142),
    (37606, 10142),
    (37629, 10142),
    (37702, 10142),
    (38037, 10174),
    (38045, 10174),
    (38430, 10174),
    (38454, 10527),
    (38558, 10527),
    (38691, 10527),
    (38877, 10527),
    (38908, 11467),
    (38945, 11467),
    (38969, 11467),
    (39015, 11467),
    (39151, 11467),
    (39181, 11467),
    (39304, 11467),
    (39345, 11732),
    (39388, 11732),
    (39888, 11732),
    (40130, 11732),
    (40387, 11732),
    (40415, 11732),
    (40508, 11732),
    (40747, 11761),
    (41101, 11761),
    (41261, 11761),
    (41268, 11761),
    (41278, 11863),
    (41347, 11863),
    (41352, 11863),
    (41508, 11863),
    (41547, 11863),
    (41714, 11903),
    (41815, 11903),
    (41871, 11903),
    (41956, 11903),
    (42002, 11903),
    (42067, 11903),
    (42087, 11903),
    (42156, 11903),
    (42365, 11903),
    (42370, 11903),
    (42387, 11942),
    (42445, 11942),
    (42478, 11942),
    (42538, 11942),
    (42577, 11942),
    (42649, 11942),
    (42773, 11942),
    (42877, 11942),
    (43013, 11942),
    (43071, 12132),
    (43196, 12132),
    (43201, 12132),
    (43220, 12132),
    (43389, 12132),
    (43432, 12132),
    (43628, 12132),
    (43667, 12132),
    (43693, 12180),
    (43737, 12180),
    (43785, 12180),
    (43864, 12180),
    (43868, 12449),
    (43912, 12449),
    (44061, 12449),
    (44328, 12523),
    (44435, 12523),
    (44468, 12523),
    (44709, 12523),
    (44722, 12523),
    (44829, 12523),
    (45061, 12523),
    (45119, 12523),
    (45157, 13117),
    (45230, 13117),
    (45281, 13117),
    (45332, 13389),
    (45363, 13389),
    (45375, 13389),
    (45477, 13389),
    (45549, 13389),
    (45559, 13389),
    (45663, 13807),
    (45764, 13807),
    (45776, 13807),
    (45955, 13807),
    (45962, 13807),
    (46004, 13807),
    (46076, 13807),
    (46128, 13807),
    (46306, 13807),
    (46474, 13807),
    (46631, 14020),
    (46749, 14020),
    (47015, 14020),
    (47158, 14020),
    (47425, 14384),
    (47679, 14384),
    (47817, 14384),
    (47881, 14384),
    (47897, 14384),
    (47901, 14384),
    (47999, 14384),
    (48090, 14384),
    (48306, 14384),
    (48386, 14384),
    (48531, 14393),
    (48645, 14393),
    (48695, 14393),
    (48713, 14393),
    (48773, 14393),
    (48944, 14393),
    (49107, 14393),
    (49324, 14393),
    (49376, 14393),
    (49942, 14393),
    (50040, 14435),
    (50634, 14435),
    (50676, 14435),
    (51019, 14435),
    (51026, 14435),
    (51116, 14435),
    (51187, 14435),
    (51228, 14593),
    (51689, 14593),
    (51839, 14593),
    (52401, 14593),
    (52462, 14593),
    (52592, 14593),
    (52594, 14593),
    (52611, 14593),
    (52918, 14593),
    (52979, 14967),
    (53323, 14967),
    (53328, 14967),
    (53400, 14967),
    (53523, 14967),
    (53640, 14967),
    (53945, 14967),
    (54008, 14967),
    (54026, 14967),
    (54052, 15294),
    (54102, 15294),
    (54206, 15294),
    (54383, 15294),
    (54617, 15294),
    (54752, 15294),
    (54865, 15294),
    (54982, 15294),
    (55147, 15294),
    (55184, 15332),
    (55439, 15332),
    (55521, 15332),
    (55560, 15445),
    (55689, 15445),
    (55774, 15445),
    (55824, 15445),
    (55843, 15445),
    (55948, 15445),
    (56007, 15457),
    (56078, 15457),
    (56113, 15457),
    (56132, 15457),
    (56192, 15457),
    (56222, 15457),
    (56459, 15615),
    (56645, 15615),
    (56666, 15615),
    (56710, 15615),
    (56803, 15817),
    (56838, 15817),
    (57057, 15817),
    (57206, 15817),
    (57218, 15817),
    (57252, 16037),
    (57310, 16037),
    (57397, 16037),
    (57804, 16037),
    (57839, 16358),
    (57855, 16358),
    (57862, 16358),
    (57938, 16358),
    (57939, 16358),
    (58040, 16358),
    (58045, 16358),
    (58121, 16424),
    (58378, 16424),
    (58396, 16424),
    (58460, 16424),
    (58470, 16424),
    (58550, 16424),
    (58627, 16424),
    (58673, 16443),
    (58787, 16443),
    (58812, 16443),
    (58949, 16443),
    (59230, 16443),
    (59384, 16443),
    (59414, 16443),
    (59423, 16542),
    (59439, 16542),
    (59483, 16542),
    (59563, 16542),
    (59607, 16542),
    (59748, 16542),
    (59874, 16542),
    (59899, 16750),
    (60168, 16750),
    (60192, 16750),
    (60201, 16750),
    (60281, 17335),
    (60386, 17335),
    (60407, 17335),
    (60414, 17465),
    (60564, 17465),
    (60703, 17465),
    (60706, 17465),
    (60743, 17465),
    (60768, 17465),
    (60777, 17465),
    (60866, 17465),
    (60874, 17465),
    (60935, 17750),
    (61020, 17750),
    (61110, 17750),
    (61122, 17750),
    (61260, 17750),
    (61286, 17750),
    (61312, 17750),
    (61602, 17750),
    (61643, 17750),
    (61670, 17750),
    (61780, 17910),
    (61792, 17910),
    (62026, 17910),
    (62063, 17910),
    (62131, 17910),
    (62389, 17933),
    (62414, 17933),
    (62471, 17933),
    (62475, 18644),
    (62703, 18644),
    (62874, 18644),
    (62905, 18644),
    (62911, 18644),
    (63026, 18644),
    (63085, 18644),
    (63195, 18644),
    (63227, 19153),
    (63312, 19153),
    (63336, 19153),
    (63722, 19153),
    (63831, 19153),
    (63832, 19153),
    (63835, 19423),
    (63850, 19423),
    (63893, 19423),
    (63906, 19423),
    (64022, 19423),
    (64086, 19423),
    (64127, 19423),
    (64145, 19423),
    (64234, 19423),
    (64281, 19423),
    (64311, 19432),
    (64665, 19432),
    (64810, 19432),
    (64816, 19432),
    (64867, 19432),
    (64894, 19432),
    (64932, 19551),
    (65061, 19551),
    (65083, 19551),
    (65343, 19852),
    (65536, 19852),
    (65550, 19852),
    (65771, 19852),
    (65789, 19852),
    (65804, 19852),
    (65844, 19852),
    (65889, 19852),
    (65960, 20172),
    (66001, 20172),
    (66125, 20172),
    (66149, 20172),
    (66282, 20172),
    (66396, 20419),
    (66400, 20419),
    (66459, 20419),
    (66548, 20419),
    (66617, 20419),
    (66715, 20419),
    (66844, 20419),
    (67097, 20419),
    (67148, 20419),
    (67149, 20606),
    (67179, 20606),
    (67253, 20606),
    (67542, 20649),
    (67575, 20649),
    (67623, 20649),
    (67658, 20649),
    (67793, 20649),
    (67805, 20649),
    (68218, 20649),
    (68240, 20649),
    (68287, 20649),
    (68400, 20913),
    (68414, 20913),
    (68551, 20913),
    (68573, 20913),
    (68613, 20948),
    (68619, 20948),
    (68650, 20948),
    (68792, 20948),
    (68859, 20948),
    (68920, 21665),
    (69003, 21665),
    (69136, 21665),
    (69190, 21665),
    (69393, 21900),
    (69422, 21900),
    (69516, 21900),
    (69573, 21900),
    (69769, 21900),
    (69894, 21900),
    (70016, 21900),
    (70035, 22076),
    (70043, 22076),
    (70053, 22076),
    (70293, 22083),
    (70398, 22083),
    (70442, 22083),
    (70488, 22243),
    (70518, 22243),
    (70564, 22243),
    (70598, 22243),
    (70650, 22243),
    (70706, 22243),
    (70782, 22243),
    (70814, 22243),
    (70894, 22292),
    (71074, 22292),
    (71397, 22292),
    (71586, 22292),
    (71592, 22292),
    (71730, 22717),
    (72083, 22717),
    (72130, 22717),
    (72172, 22717),
    (72199, 22717),
    (72422, 22717),
    (72429, 22717),
    (72713, 22843),
    (72822, 22843),
    (72825, 22843),
    (73009, 22843),
    (73017, 22843),
    (73116, 22843),
    (73119, 22843),
    (73231, 22964),
    (73495, 22964),
    (73516, 22964),
    (73603, 22964),
    (73649, 22964),
    (73694, 23222),
    (73741, 23222),
    (73813, 23222),
    (73814, 23637),
    (73821, 23637),
    (73985, 23637),
    (74261, 23637),
    (74434, 23637),
    (74519, 23773),
    (74637, 23773),
    (74710, 23773),
    (74744, 23773),
    (74878, 23773),
    (74902, 23773),
    (74920, 23773),
    (74932, 23773),
    (75096, 23773),
    (75395, 24033),
    (75410, 24033),
    (75441, 24033),
    (75478, 24033),
    (75535, 24033),
    (75574, 24086),
    (75642, 24086),
    (75933, 24086),
    (76068, 24086),
    (76080, 24086),
    (76122, 24086),
    (76262, 24086),
    (76313, 24086),
    (76426, 24086),
    (76480, 24086),
    (76562, 24101),
    (76589, 24101),
    (76686, 24101),
    (76707, 24101),
    (76924, 24101),
    (76966, 24101),
    (77290, 24101),
    (77372, 24101),
    (77627, 24101),
    (77653, 24306),
    (77679, 24306),
    (77720, 24306),
    (77725, 24306),
    (77865, 24306),
    (77992, 24306),
    (78498, 24309),
    (78675, 24309),
    (78738, 24309),
    (78760, 24309),
    (78796, 24309),
    (78894, 24391),
    (79146, 24391),
    (79236, 24391),
    (79330, 24391),
    (79542, 24391),
    (79580, 24391),
    (79749, 25653),
    (79792, 25653),
    (79938, 25653),
    (80036, 25653),
    (80196, 25653),
    (80308, 25721),
    (80411, 25721),
    (80579, 25721),
    (80673, 25721),
    (80715, 25721),
    (80796, 25721),
    (81186, 25753),
    (81526, 25753),
    (81573, 25753),
    (81615, 25753),
    (81901, 25753),
    (82016, 25753),
    (82017, 25753),
    (82091, 25753),
    (82106, 25753),
    (82128, 25753),
    (82394, 25979),
    (82407, 25979),
    (82409, 25979),
    (82425, 25979),
    (82535, 25979),
    (82851, 26015),
    (83234, 26015),
    (83240, 26015),
    (83388, 26015),
    (83451, 26015),
    (83483, 26015),
    (83615, 26015),
    (83681, 26029),
    (83739, 26029),
    (83824, 26029),
    (83836, 26029),
    (83841, 26029),
    (83943, 26029),
    (83992, 26186),
    (84055, 26186),
    (84130, 26186),
    (84211, 26186),
    (84426, 26186),
    (84585, 26186),
    (84592, 26186),
    (85048, 26186),
    (85274, 26190),
    (85316, 26190),
    (85413, 26190),
    (85451, 26334),
    (85566, 26334),
    (85569, 26334),
    (85592, 26334),
    (85632, 26334),
    (85662, 26334),
    (85665, 26334),
    (85700, 26334),
    (85729, 26334),
    (85736, 26334),
    (85817, 26394),
    (85830, 26394),
    (85865, 26394),
    (85956, 26394),
    (86015, 26394),
    (86098, 26394),
    (86334, 26394),
    (86412, 26394),
    (86417, 26426),
    (86480, 26426),
    (86584, 26426),
    (86674, 26558),
    (86703, 26558),
    (86758, 26558),
    (86791, 26558),
    (86798, 26558),
    (86832, 26558),
    (86910, 26558),
    (86987, 26558),
    (87055, 26558),
    (87093, 26558),
    (87211, 27517),
    (87358, 27517),
    (87446, 27517),
    (87513, 27517),
    (87845, 27702),
    (87951, 27702),
    (88008, 27702),
    (88109, 27702),
    (88165, 27702),
    (88171, 27702),
    (88205, 27702),
    (88454, 27702),
    (88550, 27702),
    (88554, 27702),
    (88711, 28159),
    (88723, 28159),
    (88755, 28159),
    (88815, 28159),
    (88886, 28159),
    (88971, 28159),
    (89086, 28375),
    (89108, 28375),
    (89202, 28375),
    (89274, 28375),
    (89875, 28375),
    (89953, 28375),
    (90022, 28375),
    (90147, 28375),
    (90462, 28375),
    (90628, 28835),
    (90680, 28835),
    (90943, 28835),
    (90979, 28835),
    (91071, 28835),
    (91398, 28835),
    (91469, 28835),
    (91513, 29324),
    (91584, 29324),
    (91614, 29324),
    (91804, 29908),
    (91972, 29908),
    (92135, 29908),
    (92138, 29908),
    (92156, 29908),
    (92202, 29908),
    (92227, 29908),
    (92254, 29908),
    (92288, 29908),
    (92655, 29908),
    (92697, 29985),
    (92762, 29985),
    (92799, 29985),
    (92843, 29985),
    (93123, 29985),
    (93210, 29985),
    (93232, 29985),
    (93502, 29985),
    (93562, 29985),
    (93931, 30414),
    (94021, 30414),
    (94160, 30414),
    (94218, 30414),
    (94271, 30414),
    (94288, 30414),
    (94314, 30414),
    (94363, 30414),
    (94408, 30414),
    (94442, 30528),
    (94541, 30528),
    (94658, 30528),
    (94761, 30528),
    (94767, 30528),
    (94847, 30679),
    (94910, 30679),
    (95030, 30679),
    (95079, 30679),
    (95122, 30679),
    (95267, 30679),
    (95461, 30722),
    (95527, 30722),
    (95546, 30722),
    (95549, 30766),
    (95570, 30766),
    (95704, 30766),
    (95911, 30766),
    (95958, 30766),
    (95980, 30766),
    (95996, 30766),
    (96135, 30766),
    (96270, 30766),
    (96524, 30766),
    (96643, 30807),
    (96815, 30807),
    (96900, 30807),
    (96906, 30807),
    (96922, 30893),
    (96987, 30893),
    (97110, 30893),
    (97155, 30893),
    (97157, 30893),
    (97203, 30893),
    (97359, 30893),
    (97427, 30893),
    (97606, 30893),
    (97879, 30893),
    (97937, 31095),
    (97950, 31095),
    (98192, 31095),
    (98194, 31095),
    (98259, 31095),
    (98509, 31095),
    (98663, 31095),
    (98729, 31095),
    (98782, 31095),
    (98833, 31095),
    (98842, 31340),
    (98994, 31340),
    (99068, 31340),
    (99071, 31340),
    (99192, 31340),
    (99397, 31354),
    (99454, 31354),
    (99619, 31354),
    (99625, 31354),
    (99661, 31354),
    (99728, 31354),
    (99787, 31354),
    (99833, 31354),
    (99851, 31354),
    (99857, 31581),
    (99871, 31581)
;









CREATE TABLE submission_stats
    (`challenge_id` int, `total_submissions` int, `total_accepted_submissions` int)
;
    
INSERT INTO submission_stats
    (`challenge_id`, `total_submissions`, `total_accepted_submissions`)
VALUES
    (59384, 48, 8),
    (59563, 45, 25),
    (85817, 24, 20),
    (4393, 80, 8),
    (48713, 32, 19),
    (60192, 11, 10),
    (95549, 46, 23),
    (18823, 12, 11),
    (60703, 39, 11),
    (43737, 42, 8),
    (70043, 64, 23),
    (12705, 89, 22),
    (46306, 69, 20),
    (7804, 87, 15),
    (47158, 60, 13),
    (94408, 82, 20),
    (82106, 28, 24),
    (54752, 82, 6),
    (43868, 20, 18),
    (29166, 24, 22),
    (37458, 28, 21),
    (90680, 81, 20),
    (85413, 98, 25),
    (3089, 75, 21),
    (13535, 23, 18),
    (11859, 53, 8),
    (56666, 55, 6),
    (13337, 52, 18),
    (70016, 26, 9),
    (86584, 49, 9),
    (3625, 47, 15),
    (69573, 59, 20),
    (63026, 28, 15),
    (90462, 34, 22),
    (62063, 99, 15),
    (74920, 75, 17),
    (8386, 62, 8),
    (60192, 47, 12),
    (65061, 13, 7),
    (99071, 14, 10),
    (2924, 81, 25),
    (85592, 15, 9),
    (9442, 99, 13),
    (72172, 18, 13),
    (31388, 27, 11),
    (9361, 96, 7),
    (61122, 19, 16),
    (18636, 77, 6),
    (87513, 72, 10),
    (70518, 44, 23),
    (4768, 74, 24),
    (45663, 67, 8),
    (96643, 36, 25),
    (95122, 23, 23),
    (7735, 64, 25),
    (74519, 59, 23),
    (35961, 87, 8),
    (65550, 16, 13),
    (18750, 39, 25),
    (73813, 38, 20),
    (61122, 64, 21),
    (88723, 30, 13),
    (83451, 16, 7),
    (36891, 73, 25),
    (3062, 24, 23),
    (6998, 15, 11),
    (76686, 43, 13),
    (24633, 33, 14),
    (18931, 97, 23),
    (82128, 36, 25),
    (97359, 63, 8),
    (7803, 47, 13),
    (76562, 76, 24),
    (69516, 24, 22),
    (45119, 55, 22),
    (43389, 73, 17),
    (96987, 57, 22),
    (26364, 62, 15),
    (73009, 30, 6),
    (20146, 45, 18),
    (94442, 18, 16),
    (97155, 60, 23),
    (72429, 91, 9),
    (72199, 27, 20),
    (93931, 97, 20),
    (92202, 45, 7),
    (74878, 82, 13),
    (98833, 81, 13),
    (5652, 61, 22),
    (73116, 96, 10),
    (20828, 21, 20),
    (38877, 36, 24),
    (48944, 38, 13),
    (99454, 57, 21),
    (11188, 36, 8),
    (51019, 43, 23),
    (66001, 33, 22),
    (66400, 38, 16),
    (86703, 45, 25),
    (791, 40, 21),
    (96135, 36, 22),
    (98833, 90, 14),
    (558, 29, 9),
    (9361, 41, 21),
    (47999, 84, 12),
    (67253, 47, 25),
    (86480, 94, 21),
    (54982, 28, 18),
    (85274, 79, 24),
    (88109, 30, 14),
    (58396, 56, 14),
    (1003, 97, 25),
    (1979, 17, 14),
    (1827, 23, 21),
    (56132, 22, 11),
    (60706, 23, 18),
    (95546, 20, 11),
    (46128, 76, 7),
    (37211, 13, 11),
    (79330, 66, 9),
    (11824, 72, 8),
    (41261, 72, 6),
    (73495, 50, 7),
    (87093, 44, 16),
    (64311, 27, 24),
    (63832, 47, 8),
    (59414, 54, 25),
    (86703, 64, 9),
    (83943, 23, 15),
    (87446, 53, 21),
    (60168, 81, 25),
    (17134, 30, 17),
    (58627, 43, 18),
    (38969, 81, 24),
    (46004, 18, 13),
    (94160, 40, 25),
    (97879, 58, 13),
    (80308, 72, 11),
    (71397, 15, 14),
    (60768, 31, 14),
    (74710, 21, 18),
    (20790, 59, 14),
    (29166, 45, 10),
    (43432, 87, 21),
    (82106, 27, 14),
    (35961, 29, 22),
    (3029, 90, 15),
    (25740, 70, 17),
    (98994, 66, 21),
    (37268, 58, 9),
    (6377, 38, 24),
    (56132, 98, 6),
    (76313, 66, 13),
    (1681, 70, 8),
    (61792, 19, 14),
    (86910, 41, 25),
    (74519, 13, 7),
    (74932, 58, 18),
    (86703, 62, 17),
    (56838, 99, 13),
    (14950, 24, 17),
    (83836, 45, 12),
    (13951, 49, 22),
    (3367, 90, 20),
    (35982, 94, 21),
    (60935, 34, 8),
    (77865, 41, 16),
    (55147, 68, 24),
    (45230, 84, 8),
    (75642, 79, 20),
    (83451, 57, 24),
    (5737, 64, 24),
    (53400, 74, 19),
    (63906, 94, 22),
    (95549, 50, 15),
    (72130, 17, 9),
    (78738, 11, 8),
    (83234, 84, 9),
    (2741, 39, 7),
    (26060, 58, 6),
    (59748, 55, 21),
    (90943, 68, 15),
    (61792, 91, 9),
    (52401, 41, 13),
    (45119, 26, 9),
    (58812, 74, 24),
    (43196, 44, 24),
    (26345, 83, 16),
    (75410, 59, 7),
    (35946, 50, 14),
    (68287, 69, 22),
    (27339, 77, 13),
    (43693, 91, 19),
    (46749, 64, 25),
    (93232, 16, 13),
    (63906, 97, 6),
    (45157, 37, 21),
    (58627, 17, 14),
    (57252, 68, 20),
    (54617, 96, 7),
    (56803, 30, 7),
    (8870, 36, 10),
    (4393, 34, 23),
    (7472, 80, 23),
    (31483, 97, 19),
    (68218, 61, 11),
    (82425, 29, 19),
    (28404, 66, 6),
    (99397, 44, 23),
    (59439, 48, 18),
    (18544, 83, 10),
    (57939, 31, 18),
    (3367, 27, 21),
    (78498, 71, 20),
    (83388, 91, 10),
    (82425, 56, 23),
    (51839, 73, 20),
    (8870, 84, 20),
    (77653, 61, 11),
    (58045, 21, 19),
    (13574, 87, 14),
    (87093, 29, 18),
    (32875, 98, 8),
    (91398, 18, 14),
    (46306, 47, 15),
    (85632, 73, 12),
    (42156, 84, 10),
    (56192, 72, 12),
    (37458, 75, 19),
    (95704, 69, 22),
    (68573, 53, 23),
    (36244, 92, 20),
    (12974, 21, 11),
    (22351, 57, 19),
    (88755, 32, 8),
    (94288, 62, 18),
    (96906, 86, 13),
    (83943, 73, 23),
    (46474, 29, 17),
    (15197, 25, 23),
    (42478, 34, 21),
    (36992, 77, 21),
    (92799, 32, 20),
    (72083, 81, 15),
    (70053, 74, 10),
    (97427, 27, 7),
    (71586, 34, 19),
    (34584, 38, 25),
    (39345, 27, 25),
    (41268, 9, 7),
    (12705, 75, 14),
    (4750, 35, 10),
    (23864, 16, 16),
    (6095, 76, 8),
    (1322, 70, 19),
    (75535, 54, 13),
    (5652, 43, 25),
    (74744, 44, 10),
    (39151, 36, 24),
    (98259, 27, 21),
    (95980, 30, 20),
    (63085, 18, 6),
    (95122, 53, 23),
    (60386, 33, 25),
    (8668, 53, 21),
    (17572, 27, 20),
    (4226, 27, 24),
    (1985, 42, 6),
    (95570, 35, 15),
    (76707, 33, 23),
    (76426, 86, 19),
    (76426, 38, 21),
    (36159, 16, 7),
    (17579, 29, 16),
    (58949, 11, 6),
    (3367, 25, 25),
    (48531, 97, 9),
    (73009, 85, 24),
    (53323, 99, 13),
    (80036, 34, 18),
    (45663, 23, 18),
    (59230, 44, 8),
    (60777, 24, 17),
    (85736, 95, 21),
    (46128, 80, 24),
    (25505, 15, 11),
    (55774, 89, 12),
    (20790, 57, 17),
    (40130, 48, 24),
    (68859, 48, 7),
    (75395, 38, 10),
    (83836, 77, 7),
    (8162, 64, 12),
    (36548, 82, 16),
    (31587, 24, 14),
    (12107, 61, 10),
    (34960, 17, 10),
    (14950, 49, 25),
    (19587, 41, 22),
    (82407, 66, 20),
    (18307, 39, 6),
    (85632, 20, 17),
    (58787, 67, 21),
    (77679, 94, 10),
    (2741, 87, 17),
    (86480, 39, 17),
    (46474, 17, 17),
    (34269, 85, 15),
    (16881, 86, 17),
    (67148, 65, 18),
    (65343, 54, 25),
    (23908, 42, 8),
    (98194, 24, 8),
    (79330, 38, 20),
    (69573, 75, 6),
    (59423, 94, 9),
    (73814, 32, 20),
    (10888, 18, 16),
    (31483, 30, 10),
    (55824, 50, 12),
    (66001, 62, 12),
    (43389, 72, 25),
    (57310, 65, 8),
    (43785, 64, 17),
    (64145, 50, 7),
    (67542, 79, 10),
    (58627, 28, 11),
    (37349, 69, 13),
    (31456, 19, 9),
    (98192, 13, 6),
    (63831, 60, 19),
    (77992, 28, 7),
    (7289, 34, 8),
    (20502, 51, 18),
    (15447, 51, 24),
    (67148, 21, 8),
    (76080, 34, 17),
    (21884, 90, 12),
    (92762, 29, 18),
    (42877, 94, 17),
    (81615, 10, 6),
    (97937, 68, 22),
    (3089, 97, 8),
    (9524, 52, 21),
    (12559, 13, 11),
    (25740, 87, 21),
    (81615, 29, 25),
    (99397, 28, 24),
    (90147, 92, 11),
    (97203, 95, 12),
    (55774, 27, 6),
    (59563, 15, 8),
    (23908, 38, 20),
    (53323, 92, 15),
    (45955, 51, 19),
    (76686, 20, 12),
    (76426, 69, 21),
    (8680, 24, 7),
    (43912, 74, 24),
    (5767, 86, 12),
    (10099, 44, 22),
    (84211, 87, 21),
    (12705, 25, 17),
    (45061, 92, 24),
    (63850, 61, 12),
    (68920, 87, 16),
    (38037, 39, 14),
    (65889, 75, 24),
    (17596, 88, 21),
    (73231, 72, 12),
    (45363, 45, 24),
    (85662, 22, 15),
    (35051, 83, 9),
    (96900, 78, 13),
    (41547, 36, 10),
    (9524, 85, 13),
    (37211, 21, 10),
    (51026, 82, 13),
    (791, 73, 21),
    (35946, 81, 21),
    (76080, 87, 11),
    (54865, 14, 13),
    (19001, 30, 17),
    (85865, 65, 17),
    (52592, 32, 20),
    (7735, 56, 22),
    (67805, 26, 15),
    (99192, 64, 16),
    (31866, 38, 24),
    (4538, 86, 8),
    (11957, 58, 14),
    (16348, 69, 13),
    (11646, 57, 16),
    (276, 31, 16),
    (85451, 70, 19),
    (94271, 53, 8),
    (14144, 32, 25),
    (65061, 19, 12),
    (23434, 33, 21),
    (6377, 85, 7),
    (76122, 87, 10),
    (90462, 21, 17),
    (42538, 72, 9),
    (6095, 28, 13),
    (43201, 7, 7),
    (91469, 78, 6),
    (59439, 91, 20),
    (10853, 16, 11),
    (35051, 15, 15),
    (83240, 21, 7),
    (91513, 78, 17),
    (13592, 73, 8),
    (94363, 45, 16),
    (84130, 71, 21),
    (80036, 27, 18),
    (43220, 93, 13),
    (21772, 83, 11),
    (23110, 68, 8),
    (92202, 40, 16),
    (1681, 25, 21),
    (68859, 17, 10),
    (59439, 11, 9),
    (25597, 93, 25),
    (27339, 46, 8),
    (86334, 45, 6),
    (99625, 25, 15),
    (58045, 92, 24),
    (30096, 25, 10),
    (90979, 25, 18),
    (73495, 87, 14),
    (48944, 45, 18),
    (39181, 20, 17),
    (83615, 39, 7),
    (45477, 99, 9),
    (20828, 63, 14),
    (76924, 68, 16),
    (42538, 94, 11),
    (20828, 82, 19),
    (6708, 90, 18),
    (95996, 90, 8),
    (93502, 27, 19),
    (6304, 24, 23),
    (15564, 29, 8),
    (94910, 37, 14),
    (18750, 46, 12),
    (72422, 20, 7),
    (79236, 48, 7),
    (29394, 46, 13),
    (29037, 84, 8),
    (558, 14, 10),
    (29037, 86, 10),
    (7735, 32, 19),
    (12421, 65, 8),
    (47999, 26, 19),
    (90462, 61, 17),
    (10053, 19, 7),
    (86758, 53, 7),
    (60281, 95, 25),
    (94288, 26, 7),
    (94271, 64, 25),
    (98259, 21, 16),
    (18307, 87, 7),
    (13744, 62, 20),
    (49324, 35, 20),
    (63722, 85, 12),
    (43196, 93, 22),
    (87211, 14, 11),
    (6095, 79, 15),
    (74637, 51, 13),
    (70016, 66, 23),
    (58550, 71, 23),
    (85566, 35, 22),
    (20042, 51, 20),
    (60768, 30, 17),
    (52401, 54, 8),
    (6561, 97, 25),
    (791, 94, 13),
    (8246, 36, 12),
    (88886, 21, 14),
    (43201, 44, 24),
    (63893, 56, 22),
    (58396, 76, 18),
    (70782, 26, 15),
    (87358, 80, 16),
    (11023, 15, 7),
    (13211, 82, 19),
    (49107, 85, 23),
    (46749, 34, 6),
    (12705, 73, 22),
    (99397, 74, 19),
    (75933, 89, 16),
    (60703, 40, 22),
    (35982, 41, 24),
    (8680, 30, 24),
    (92697, 66, 23),
    (32875, 36, 16),
    (37211, 33, 15),
    (58550, 42, 21),
    (68920, 78, 17),
    (48695, 50, 6),
    (18931, 29, 25),
    (3089, 61, 25),
    (23080, 48, 17),
    (83943, 62, 8),
    (38877, 96, 6),
    (55843, 75, 7),
    (61792, 74, 16),
    (10718, 86, 15),
    (72083, 62, 8),
    (76426, 87, 12),
    (4266, 60, 13),
    (4266, 61, 9),
    (61670, 32, 16),
    (64867, 25, 10),
    (33674, 19, 13),
    (99192, 46, 20),
    (18307, 62, 25),
    (25740, 26, 21),
    (58045, 40, 8),
    (64810, 27, 23),
    (37211, 32, 11),
    (36244, 77, 6),
    (86674, 22, 18),
    (66617, 25, 22),
    (11411, 76, 11),
    (29037, 86, 12),
    (85830, 37, 11),
    (60168, 81, 25),
    (95911, 51, 7),
    (91972, 26, 24),
    (97203, 31, 15),
    (52401, 67, 12),
    (3198, 85, 15),
    (61260, 81, 8),
    (94021, 75, 19),
    (45363, 27, 20),
    (9524, 32, 25),
    (82425, 89, 15),
    (69894, 33, 22),
    (2682, 58, 9),
    (37702, 86, 25),
    (558, 77, 8),
    (91398, 90, 13),
    (85274, 26, 16),
    (82535, 97, 25),
    (63906, 17, 15),
    (39888, 89, 22),
    (50634, 67, 21),
    (64022, 51, 13),
    (46474, 19, 19),
    (34879, 88, 18),
    (65889, 17, 16),
    (3198, 30, 22),
    (32173, 27, 16),
    (21772, 67, 15),
    (77290, 15, 10),
    (72825, 19, 15),
    (16861, 79, 12),
    (90462, 35, 12),
    (64894, 43, 16),
    (42445, 76, 14),
    (67658, 87, 18),
    (67658, 25, 20),
    (64234, 82, 10),
    (22780, 98, 13),
    (23864, 32, 20),
    (63722, 11, 7),
    (6384, 9, 9),
    (53640, 67, 24),
    (82425, 92, 16),
    (76480, 23, 23),
    (87055, 98, 6),
    (61602, 32, 20),
    (33811, 38, 15),
    (31900, 35, 12),
    (36891, 63, 22),
    (13356, 97, 20),
    (68414, 59, 23),
    (7472, 98, 24),
    (53523, 75, 9),
    (33221, 46, 17),
    (39345, 99, 10),
    (82425, 38, 24),
    (43389, 74, 7),
    (45477, 28, 17),
    (11859, 91, 18),
    (61020, 89, 11),
    (75410, 55, 12),
    (92762, 54, 23),
    (4750, 30, 25),
    (33221, 25, 13),
    (51689, 43, 18),
    (2550, 62, 20),
    (31004, 74, 10),
    (96906, 36, 21),
    (71586, 57, 23),
    (14144, 38, 24),
    (98833, 42, 19),
    (7735, 47, 24),
    (41347, 41, 9),
    (76966, 44, 14),
    (38045, 30, 25),
    (27502, 92, 8),
    (76426, 48, 19),
    (37702, 13, 8),
    (21374, 73, 10),
    (85700, 39, 16),
    (27563, 34, 20),
    (21716, 56, 19),
    (77372, 27, 14),
    (3784, 36, 21),
    (29375, 40, 18),
    (829, 48, 25),
    (51689, 24, 24),
    (61670, 81, 22),
    (35608, 96, 21),
    (82535, 28, 23),
    (67149, 97, 15),
    (66400, 60, 9),
    (7804, 59, 24),
    (3260, 74, 12),
    (98509, 58, 25),
    (49942, 21, 6),
    (34718, 14, 8),
    (6561, 37, 23),
    (85729, 71, 20),
    (58460, 74, 12),
    (82128, 41, 16),
    (65061, 78, 11),
    (21284, 33, 24),
    (66715, 33, 7),
    (62026, 81, 7),
    (92762, 23, 15),
    (1322, 67, 14),
    (45061, 86, 19),
    (24750, 74, 10),
    (77627, 53, 22),
    (36992, 31, 23),
    (28324, 35, 22),
    (65083, 44, 15),
    (57804, 55, 13),
    (41261, 70, 18),
    (43693, 52, 22),
    (37498, 34, 18),
    (51019, 54, 8),
    (29827, 45, 6),
    (37458, 82, 24),
    (15564, 24, 21),
    (96643, 55, 15),
    (81186, 36, 10),
    (47679, 41, 11),
    (62026, 42, 18),
    (55824, 93, 21),
    (96906, 75, 6),
    (56078, 61, 11),
    (94541, 72, 7),
    (98192, 48, 24),
    (63831, 64, 15),
    (61110, 83, 25),
    (10865, 32, 8),
    (63227, 97, 21),
    (26060, 92, 16),
    (27891, 64, 7),
    (79580, 22, 20),
    (8506, 29, 16),
    (79749, 35, 20),
    (7418, 50, 21),
    (7848, 25, 6),
    (78675, 94, 13),
    (88109, 35, 25),
    (43912, 19, 12),
    (88550, 62, 9),
    (56007, 69, 12),
    (70035, 20, 20),
    (90979, 28, 15),
    (558, 95, 9),
    (2438, 54, 13),
    (58949, 16, 15),
    (94541, 74, 25),
    (18956, 36, 21),
    (82394, 75, 24),
    (21284, 79, 23),
    (37458, 53, 13),
    (45363, 35, 25),
    (34718, 89, 7),
    (22553, 29, 24),
    (78796, 87, 6),
    (54052, 39, 25),
    (5638, 31, 16),
    (39345, 92, 19),
    (82128, 40, 14),
    (33674, 39, 6),
    (89274, 70, 17),
    (90680, 92, 25),
    (5069, 33, 9),
    (53400, 12, 6),
    (21374, 51, 15),
    (54752, 83, 7),
    (36381, 53, 8),
    (63831, 22, 11),
    (9899, 43, 14),
    (22652, 41, 16),
    (47901, 27, 14),
    (2438, 71, 24),
    (32127, 36, 24),
    (99833, 95, 20),
    (1985, 86, 17),
    (86480, 57, 6),
    (19170, 95, 13),
    (54102, 50, 10),
    (83836, 49, 7),
    (90628, 50, 23),
    (36503, 88, 23),
    (95549, 79, 14),
    (19001, 30, 19),
    (86417, 30, 16),
    (81186, 30, 18),
    (83992, 26, 11),
    (99625, 97, 10),
    (7848, 69, 25),
    (86703, 87, 9),
    (90979, 35, 25),
    (70564, 74, 21),
    (88165, 42, 16),
    (22780, 66, 22),
    (42087, 79, 9),
    (66715, 38, 19),
    (38969, 86, 7),
    (60386, 33, 14),
    (94288, 77, 6),
    (3019, 40, 24),
    (86015, 96, 17),
    (83681, 53, 22),
    (24490, 35, 19),
    (44722, 79, 17),
    (83739, 72, 16),
    (75642, 86, 14),
    (85592, 93, 19),
    (28324, 89, 22),
    (19001, 26, 18),
    (77865, 49, 24),
    (73119, 77, 7),
    (62905, 17, 15),
    (87951, 24, 20),
    (36159, 26, 10),
    (60866, 27, 24),
    (7289, 87, 17),
    (89108, 46, 6),
    (55184, 33, 20),
    (97950, 58, 21),
    (95527, 73, 23),
    (7848, 66, 12),
    (60935, 84, 15),
    (67097, 14, 13),
    (61670, 80, 15),
    (57938, 28, 18),
    (32127, 17, 11),
    (7418, 77, 22),
    (68287, 59, 17),
    (37458, 35, 15),
    (47999, 38, 24),
    (75535, 22, 21),
    (48386, 66, 21),
    (18931, 25, 17),
    (17603, 73, 8),
    (61260, 59, 20),
    (35946, 56, 18),
    (69136, 27, 14),
    (10513, 13, 13),
    (773, 41, 16),
    (68551, 73, 13),
    (92254, 67, 20),
    (11188, 80, 6),
    (5737, 80, 6),
    (8902, 69, 20),
    (60768, 53, 7),
    (51019, 24, 7),
    (83836, 43, 7),
    (43785, 83, 8),
    (2438, 62, 18),
    (85729, 69, 21),
    (55948, 18, 7),
    (70564, 27, 23),
    (99851, 67, 23),
    (51187, 66, 7),
    (60192, 31, 25),
    (88755, 91, 9),
    (92156, 69, 14),
    (58396, 47, 14),
    (95079, 34, 9),
    (29375, 61, 11),
    (39888, 23, 19),
    (33811, 63, 15),
    (96815, 42, 16),
    (87093, 45, 12),
    (43693, 61, 17),
    (23898, 78, 24),
    (19170, 55, 15),
    (71074, 30, 8),
    (86098, 24, 17),
    (3089, 13, 13),
    (88205, 30, 19),
    (62905, 38, 9),
    (23864, 70, 22),
    (67575, 46, 17),
    (60768, 25, 23),
    (10865, 56, 19),
    (48713, 74, 12),
    (19177, 11, 7),
    (95980, 81, 19),
    (67542, 23, 7),
    (54052, 28, 7),
    (59563, 28, 25),
    (36584, 44, 13),
    (52979, 44, 23),
    (43071, 48, 7),
    (38969, 28, 21),
    (80308, 55, 10),
    (67097, 93, 15),
    (21716, 77, 19),
    (76589, 95, 10),
    (276, 26, 14),
    (90943, 34, 8),
    (31923, 87, 12),
    (85451, 67, 22),
    (62389, 59, 23),
    (76589, 95, 19),
    (69190, 39, 12),
    (43785, 36, 12),
    (30164, 42, 6),
    (65343, 80, 9),
    (60768, 96, 13),
    (24633, 65, 14),
    (99871, 48, 9),
    (60281, 81, 21),
    (90680, 37, 19),
    (94847, 23, 19),
    (61602, 56, 22),
    (10513, 96, 25),
    (46631, 34, 24),
    (62911, 52, 21),
    (64810, 56, 24),
    (27940, 51, 24),
    (75441, 88, 19),
    (70564, 45, 23),
    (56078, 56, 21),
    (90943, 54, 6),
    (27940, 23, 14),
    (63722, 43, 20),
    (86674, 85, 18),
    (51019, 78, 21),
    (69136, 58, 10),
    (80308, 40, 21),
    (64867, 76, 14),
    (41347, 74, 21),
    (27280, 58, 9),
    (42002, 63, 7),
    (4866, 74, 8),
    (46128, 79, 18),
    (90147, 22, 7),
    (27333, 22, 21),
    (27414, 97, 12),
    (61312, 32, 14),
    (83681, 99, 24),
    (27643, 99, 10),
    (64311, 17, 15),
    (21326, 38, 6),
    (12421, 48, 22),
    (34516, 39, 7),
    (96922, 57, 12),
    (48713, 34, 23),
    (90979, 33, 25),
    (65550, 97, 7),
    (85451, 50, 18),
    (38045, 69, 10),
    (61020, 46, 17),
    (28620, 63, 20),
    (4850, 54, 7),
    (97427, 57, 6),
    (32674, 90, 6),
    (22652, 47, 6),
    (17603, 35, 16),
    (45281, 75, 11),
    (42577, 25, 7),
    (68287, 27, 25),
    (95546, 64, 16),
    (60768, 60, 22),
    (91804, 93, 9),
    (81526, 35, 25),
    (88165, 88, 11),
    (22780, 18, 14),
    (4449, 40, 13),
    (55184, 86, 13),
    (56222, 56, 23),
    (27280, 83, 7),
    (29332, 84, 16),
    (9761, 56, 14),
    (44435, 19, 6),
    (83483, 98, 19),
    (18064, 86, 14),
    (94288, 24, 23),
    (1483, 86, 25),
    (57218, 39, 22),
    (48386, 88, 13),
    (48306, 64, 7),
    (87093, 87, 17),
    (95122, 87, 17),
    (77992, 16, 16),
    (829, 73, 6),
    (42773, 46, 24),
    (28620, 74, 17),
    (43693, 37, 25),
    (71592, 67, 18),
    (11824, 25, 12),
    (62414, 33, 12),
    (88815, 49, 16),
    (60168, 34, 20),
    (8897, 50, 8),
    (45230, 74, 9),
    (66459, 82, 20),
    (48645, 28, 18),
    (10099, 92, 8),
    (70598, 22, 6),
    (85413, 77, 20),
    (5737, 40, 15),
    (92135, 76, 18),
    (63850, 32, 10),
    (11338, 48, 12),
    (76589, 27, 15),
    (8897, 22, 21),
    (33285, 69, 18),
    (24750, 21, 7),
    (42067, 88, 14),
    (45477, 63, 14),
    (773, 49, 20),
    (94408, 9, 6),
    (66400, 38, 13),
    (58627, 63, 14),
    (79542, 63, 10),
    (57939, 80, 25),
    (84585, 25, 16),
    (48306, 66, 14),
    (45281, 94, 11),
    (54383, 63, 9),
    (61670, 93, 8),
    (28859, 44, 25),
    (70564, 21, 14),
    (56192, 48, 24),
    (58550, 47, 10),
    (73821, 63, 12),
    (9442, 69, 8),
    (558, 55, 25),
    (64810, 31, 19),
    (17596, 31, 16),
    (94160, 22, 10),
    (15965, 22, 17),
    (27881, 53, 12),
    (94847, 48, 6),
    (39151, 88, 25),
    (73516, 98, 16),
    (14308, 71, 22),
    (66125, 77, 20),
    (7346, 85, 22),
    (62703, 26, 13),
    (45663, 99, 21),
    (54617, 81, 14),
    (42773, 63, 15),
    (94363, 56, 13),
    (18879, 35, 24),
    (36381, 81, 16),
    (36244, 45, 14),
    (73495, 74, 16),
    (17066, 67, 17),
    (51228, 61, 24),
    (97359, 84, 17),
    (94767, 45, 13),
    (8065, 31, 11),
    (21265, 67, 22),
    (94408, 95, 17),
    (37458, 36, 6),
    (81186, 55, 16),
    (61312, 53, 6),
    (41101, 86, 9),
    (59423, 57, 9),
    (59384, 54, 20),
    (8897, 38, 9),
    (15779, 67, 18),
    (68650, 62, 9),
    (68613, 94, 9),
    (49107, 38, 11),
    (36056, 9, 8),
    (21326, 70, 6),
    (74878, 59, 24),
    (67542, 61, 7),
    (54206, 89, 14),
    (71592, 17, 9),
    (7848, 58, 20),
    (49107, 17, 17),
    (78675, 96, 24),
    (73603, 36, 22),
    (90680, 40, 21),
    (73495, 78, 24),
    (99068, 57, 18),
    (3257, 69, 18),
    (87513, 16, 12),
    (20146, 97, 8),
    (38945, 27, 15),
    (67793, 94, 23),
    (97427, 12, 7),
    (55948, 55, 23),
    (84426, 93, 7),
    (60935, 63, 7),
    (36159, 30, 14),
    (95079, 25, 16),
    (36584, 47, 9),
    (78796, 67, 14),
    (50040, 83, 9),
    (64022, 38, 9),
    (79330, 43, 24),
    (38969, 11, 7),
    (96922, 67, 24),
    (37509, 24, 17),
    (32674, 83, 19),
    (85569, 44, 18),
    (66282, 83, 22),
    (5737, 41, 23),
    (59563, 28, 14),
    (83943, 43, 19),
    (98192, 11, 9),
    (86480, 30, 13),
    (4538, 47, 12),
    (65789, 29, 20),
    (83681, 54, 21),
    (57862, 23, 13),
    (28404, 59, 17),
    (74920, 33, 25),
    (14292, 27, 16),
    (45230, 57, 21),
    (63227, 25, 19),
    (68792, 80, 19),
    (80411, 26, 8),
    (49376, 41, 24),
    (47881, 79, 13),
    (45549, 56, 18),
    (52401, 47, 6),
    (58949, 45, 21),
    (99787, 68, 18),
    (10099, 55, 14),
    (10258, 69, 19),
    (23908, 63, 8),
    (94160, 55, 21),
    (86098, 56, 6),
    (6377, 80, 14),
    (63722, 54, 18),
    (99454, 86, 23),
    (75410, 54, 11),
    (46749, 84, 20),
    (72130, 81, 16),
    (63835, 71, 23),
    (75642, 69, 15),
    (31866, 98, 7),
    (12107, 32, 6),
    (87358, 64, 19),
    (1003, 96, 20),
    (36381, 50, 13),
    (99625, 35, 25),
    (74637, 21, 11),
    (88550, 40, 19),
    (67542, 47, 13),
    (7060, 32, 10),
    (20146, 84, 17),
    (89086, 43, 13),
    (48531, 41, 15),
    (80196, 43, 19),
    (21716, 34, 18),
    (38877, 39, 18),
    (21716, 83, 24),
    (57218, 40, 7),
    (90022, 15, 11),
    (45559, 88, 21),
    (93562, 73, 13),
    (89274, 55, 14),
    (36584, 53, 8),
    (94910, 29, 9),
    (96643, 85, 8),
    (49942, 44, 13),
    (23434, 76, 24),
    (98192, 59, 6),
    (78760, 63, 23),
    (88165, 33, 20),
    (61020, 97, 20),
    (12906, 40, 10),
    (64145, 92, 21),
    (27339, 20, 10),
    (38430, 87, 25),
    (98833, 63, 8),
    (25540, 79, 17),
    (68650, 18, 18),
    (9442, 90, 11),
    (87055, 30, 19),
    (88711, 46, 15),
    (73009, 53, 22),
    (83240, 58, 7),
    (82128, 67, 17),
    (78738, 43, 6),
    (68920, 97, 7),
    (66282, 66, 21),
    (24989, 25, 21),
    (27414, 77, 15),
    (60564, 36, 6),
    (46128, 47, 13),
    (45230, 17, 15),
    (83234, 93, 9),
    (42577, 25, 21),
    (31388, 88, 23),
    (71074, 95, 15),
    (15366, 87, 22),
    (62475, 22, 13),
    (83943, 24, 16),
    (37702, 85, 14),
    (71592, 16, 15),
    (52592, 31, 18),
    (85569, 39, 17),
    (38945, 56, 21),
    (345, 93, 19),
    (72713, 52, 21),
    (62874, 30, 18),
    (16877, 74, 10),
    (85413, 83, 9),
    (74932, 49, 25),
    (2148, 28, 10),
    (75395, 19, 9),
    (57252, 29, 14),
    (87055, 25, 7),
    (4850, 82, 9),
    (62874, 54, 12),
    (66282, 31, 21),
    (41278, 56, 15),
    (15035, 50, 11),
    (11824, 52, 14),
    (58378, 77, 6),
    (60874, 89, 12),
    (11188, 97, 12),
    (6921, 46, 21),
    (32989, 95, 20),
    (89086, 14, 10),
    (70035, 42, 15),
    (41508, 10, 6),
    (12906, 86, 18),
    (7060, 38, 23),
    (94218, 21, 18),
    (77725, 96, 25),
    (18205, 30, 22),
    (68414, 24, 7),
    (82394, 65, 25),
    (78796, 22, 15),
    (27563, 40, 13),
    (45559, 17, 16),
    (96524, 25, 25),
    (21716, 84, 16),
    (56666, 35, 25),
    (29394, 61, 11),
    (58378, 11, 10),
    (5737, 15, 6),
    (8595, 48, 17),
    (44061, 25, 6),
    (56192, 51, 19),
    (73694, 47, 10),
    (72422, 24, 13),
    (18823, 94, 16),
    (65343, 31, 7),
    (22351, 70, 18),
    (36056, 34, 10),
    (30096, 41, 7),
    (43628, 95, 19),
    (57939, 15, 13),
    (27280, 41, 10),
    (66149, 70, 16),
    (92762, 20, 12),
    (28859, 15, 6),
    (94408, 96, 14),
    (16912, 29, 17),
    (34336, 72, 7),
    (59607, 23, 23),
    (5158, 34, 23),
    (84426, 14, 11),
    (96987, 6, 6),
    (57862, 18, 10),
    (95911, 80, 6),
    (6998, 88, 10),
    (38877, 92, 15),
    (45061, 90, 12),
    (94658, 38, 24),
    (37606, 79, 10),
    (54052, 37, 19),
    (79542, 81, 22),
    (45230, 29, 25),
    (77992, 84, 20),
    (145, 38, 17),
    (94021, 78, 6),
    (97937, 42, 12),
    (85736, 22, 12),
    (16912, 20, 9),
    (10853, 72, 14),
    (69573, 61, 24),
    (95980, 56, 8),
    (82407, 23, 19),
    (72083, 13, 11),
    (14144, 73, 13),
    (38430, 84, 16),
    (96270, 82, 11),
    (69393, 21, 11),
    (51228, 57, 11),
    (91513, 55, 16),
    (4159, 58, 8),
    (33811, 36, 25),
    (68218, 64, 12),
    (88554, 41, 21),
    (96906, 72, 21),
    (67805, 23, 14),
    (15779, 71, 10),
    (74519, 34, 21),
    (92799, 9, 9),
    (44829, 60, 9),
    (62905, 50, 22),
    (3423, 71, 14),
    (4538, 95, 14),
    (98729, 77, 10),
    (57310, 55, 17),
    (84592, 33, 12),
    (73231, 45, 13),
    (42877, 80, 10),
    (75642, 26, 15),
    (44722, 82, 10),
    (48645, 45, 11),
    (91513, 13, 11),
    (85662, 74, 16),
    (74434, 39, 20),
    (65889, 84, 9),
    (10611, 96, 19),
    (48306, 43, 7),
    (5737, 86, 20),
    (68573, 98, 21),
    (43389, 88, 16),
    (60281, 20, 13),
    (62703, 33, 16),
    (68414, 82, 23),
    (61780, 46, 21),
    (18064, 35, 17),
    (38969, 31, 25),
    (88171, 83, 17),
    (29694, 26, 9),
    (33285, 98, 13),
    (42087, 61, 7),
    (94442, 24, 7),
    (94288, 93, 19),
    (4698, 90, 10),
    (52611, 33, 24),
    (58550, 31, 19),
    (24989, 74, 6),
    (85592, 91, 25),
    (66125, 31, 20),
    (60874, 75, 14),
    (54383, 24, 24),
    (12421, 82, 13),
    (95546, 59, 19),
    (79749, 79, 13),
    (59748, 80, 25),
    (9361, 92, 11),
    (83824, 28, 7),
    (34718, 41, 10),
    (10513, 39, 8),
    (73694, 41, 24),
    (83388, 64, 19),
    (38558, 84, 7),
    (83992, 98, 24),
    (45549, 61, 17),
    (69516, 59, 8),
    (57938, 65, 18),
    (45776, 59, 13),
    (12974, 47, 18),
    (85632, 27, 12),
    (70016, 84, 8),
    (10865, 63, 19),
    (75441, 20, 16),
    (29332, 55, 20),
    (3062, 76, 21),
    (37458, 52, 14),
    (83992, 41, 25),
    (7962, 73, 9),
    (20220, 94, 18),
    (7472, 93, 22),
    (36382, 47, 9),
    (19481, 92, 10),
    (32681, 44, 7),
    (64894, 55, 6),
    (26580, 70, 19),
    (43432, 39, 25),
    (1483, 42, 25),
    (97, 92, 16),
    (10853, 61, 7),
    (11859, 43, 8),
    (38045, 92, 15),
    (99728, 42, 23),
    (73119, 20, 20),
    (95079, 42, 22),
    (32681, 10, 7),
    (32173, 27, 24),
    (69894, 25, 16),
    (97155, 64, 21),
    (43220, 95, 15),
    (6561, 10, 7),
    (91513, 89, 17),
    (3019, 91, 12),
    (73814, 60, 22),
    (47015, 93, 12),
    (8897, 15, 11),
    (98192, 56, 7),
    (51839, 54, 23),
    (88711, 43, 12),
    (97937, 52, 13),
    (70706, 99, 24),
    (19683, 64, 10),
    (89108, 30, 21),
    (48773, 73, 17),
    (16861, 64, 25),
    (61260, 32, 21),
    (64281, 73, 15),
    (95704, 47, 15),
    (42365, 86, 11),
    (20502, 80, 8),
    (43785, 17, 14),
    (21716, 37, 24),
    (7551, 81, 22),
    (79580, 76, 9),
    (91584, 33, 25),
    (70564, 42, 25),
    (13951, 35, 25),
    (95911, 72, 19),
    (94218, 35, 17),
    (35776, 78, 20),
    (7060, 56, 13),
    (25597, 59, 24),
    (81573, 32, 15),
    (86910, 32, 9),
    (13574, 87, 11),
    (43667, 43, 10),
    (39388, 76, 8),
    (48306, 75, 8),
    (77679, 22, 17),
    (92138, 23, 15),
    (99787, 76, 23),
    (82394, 24, 17),
    (83992, 50, 19),
    (70650, 85, 20),
    (99851, 25, 21),
    (25740, 83, 9),
    (92202, 76, 25),
    (3062, 31, 14),
    (89108, 22, 13),
    (43693, 91, 22),
    (1827, 85, 23),
    (52401, 86, 22),
    (55147, 99, 15),
    (67253, 54, 12),
    (89108, 78, 13),
    (48944, 23, 7),
    (55184, 30, 12),
    (28859, 41, 25),
    (64816, 20, 7),
    (40747, 43, 25),
    (42649, 66, 8),
    (80673, 56, 22),
    (81615, 75, 15),
    (90628, 52, 13),
    (72130, 79, 25),
    (44468, 33, 17),
    (51689, 27, 24),
    (70442, 14, 7),
    (79749, 90, 20),
    (25597, 74, 19),
    (6095, 35, 25),
    (99068, 66, 25),
    (27891, 96, 15),
    (45776, 82, 25),
    (15197, 98, 8),
    (6998, 9, 8),
    (5767, 80, 24),
    (45230, 30, 23),
    (59384, 82, 18),
    (38877, 54, 13),
    (77653, 80, 24),
    (74932, 44, 12),
    (79580, 25, 6),
    (70814, 45, 6),
    (4768, 63, 22),
    (64932, 80, 15),
    (57218, 29, 23),
    (83615, 20, 15),
    (61020, 19, 19),
    (25597, 24, 8),
    (7583, 32, 17),
    (33674, 31, 8),
    (79580, 27, 13),
    (38454, 16, 16),
    (91584, 76, 21),
    (51116, 31, 6),
    (5158, 55, 8),
    (92227, 35, 20),
    (64127, 93, 18),
    (23662, 28, 15),
    (66149, 36, 12),
    (59607, 89, 8),
    (99192, 61, 23),
    (2189, 49, 6),
    (47679, 35, 18),
    (83234, 32, 25),
    (85413, 13, 8),
    (53945, 80, 6),
    (61260, 81, 13),
    (23898, 37, 7),
    (13640, 78, 21),
    (80036, 68, 16),
    (68218, 63, 23),
    (36503, 88, 16),
    (56007, 36, 22),
    (77992, 24, 20),
    (99071, 23, 23),
    (57855, 99, 19),
    (86798, 90, 23),
    (38430, 98, 15),
    (37349, 25, 25),
    (80411, 77, 8),
    (88171, 80, 12),
    (42877, 72, 24),
    (51187, 41, 8),
    (1387, 27, 17),
    (42445, 96, 8),
    (23864, 21, 17),
    (80196, 65, 20),
    (43737, 15, 9),
    (61286, 23, 11),
    (71730, 78, 25),
    (51839, 31, 13),
    (35982, 90, 10),
    (58470, 56, 9),
    (38945, 53, 16),
    (61122, 83, 14),
    (18064, 75, 25),
    (87211, 35, 18),
    (18931, 48, 15),
    (29226, 60, 17),
    (13640, 11, 7),
    (41101, 80, 14),
    (57397, 48, 23),
    (3019, 63, 19),
    (68218, 50, 24),
    (10611, 58, 20),
    (18636, 39, 20),
    (68287, 52, 23),
    (8169, 31, 24),
    (58460, 59, 11),
    (70293, 75, 10),
    (59384, 85, 21),
    (85413, 93, 25),
    (37260, 76, 11),
    (8045, 19, 10),
    (57862, 97, 15),
    (33221, 67, 13),
    (72825, 96, 9),
    (39888, 98, 12),
    (51187, 27, 7),
    (4449, 29, 24),
    (16579, 30, 10),
    (14724, 49, 13),
    (55439, 38, 20),
    (48531, 88, 8),
    (18750, 59, 17),
    (13535, 73, 9),
    (31483, 59, 7),
    (23662, 21, 12),
    (86703, 13, 10),
    (42478, 46, 10),
    (6384, 50, 7),
    (42445, 14, 10),
    (61260, 44, 17),
    (38430, 39, 17),
    (69393, 68, 7),
    (5880, 10, 6),
    (16515, 72, 7),
    (75478, 12, 10),
    (57310, 72, 11),
    (43912, 31, 9),
    (15521, 83, 23),
    (28475, 84, 23),
    (57057, 16, 13),
    (85729, 28, 23),
    (96135, 98, 13),
    (76122, 51, 25),
    (23434, 12, 8),
    (72713, 7, 7),
    (68551, 58, 11),
    (39345, 29, 23),
    (64086, 34, 8),
    (86674, 29, 21),
    (87055, 48, 8),
    (62131, 48, 21),
    (26580, 41, 8),
    (86703, 43, 24),
    (76589, 74, 20),
    (62703, 26, 11),
    (85956, 63, 15),
    (54982, 73, 24),
    (6561, 45, 10),
    (52611, 91, 6),
    (8595, 93, 23),
    (82409, 36, 24),
    (23898, 68, 13),
    (31388, 10, 10),
    (72199, 84, 15),
    (56803, 85, 24),
    (68400, 39, 17),
    (89108, 84, 22),
    (93562, 74, 22),
    (92254, 52, 9),
    (60866, 77, 13),
    (92202, 22, 22),
    (27339, 17, 7),
    (71074, 37, 15),
    (42877, 88, 16),
    (14292, 33, 15),
    (42478, 33, 9),
    (89086, 95, 21),
    (59899, 41, 22),
    (52611, 81, 18),
    (89108, 47, 6),
    (43912, 99, 20),
    (64145, 51, 24),
    (12705, 22, 8),
    (68650, 28, 23),
    (19170, 51, 19),
    (84055, 19, 10),
    (74710, 99, 24),
    (71074, 90, 24),
    (13574, 18, 8),
    (1322, 38, 25),
    (41547, 48, 12),
    (58460, 79, 11),
    (88723, 68, 16),
    (31456, 19, 17),
    (88971, 21, 16),
    (88205, 91, 18),
    (71592, 44, 16),
    (19587, 96, 12),
    (4768, 49, 6),
    (66844, 33, 24),
    (71730, 31, 15),
    (75478, 46, 15),
    (48531, 55, 19),
    (23908, 32, 18),
    (88008, 26, 16),
    (49107, 60, 19),
    (89875, 19, 13),
    (66715, 43, 25),
    (85700, 39, 20),
    (20220, 35, 25),
    (52462, 18, 12),
    (9442, 66, 10),
    (96524, 57, 24),
    (21884, 22, 15),
    (77679, 66, 7),
    (60703, 49, 10),
    (86832, 97, 23),
    (78796, 28, 7),
    (64867, 18, 12),
    (57057, 77, 16),
    (34960, 32, 10),
    (58460, 65, 20),
    (64810, 85, 10),
    (98259, 46, 19),
    (21284, 33, 18),
    (11023, 15, 14),
    (28859, 28, 17),
    (11023, 35, 25),
    (63026, 94, 7),
    (4698, 89, 14),
    (34333, 60, 7),
    (42002, 21, 18),
    (23110, 65, 17),
    (32681, 27, 20),
    (55824, 16, 9),
    (18291, 33, 8),
    (15965, 41, 25),
    (61110, 57, 15),
    (18655, 35, 12),
    (11859, 31, 20),
    (70398, 37, 23),
    (57862, 48, 23),
    (68551, 34, 22),
    (88454, 29, 17),
    (48773, 71, 16),
    (99071, 41, 13),
    (94271, 60, 9),
    (9361, 91, 15),
    (85729, 88, 24),
    (24078, 44, 24),
    (7583, 24, 22),
    (30899, 48, 23),
    (94160, 25, 16),
    (91398, 37, 21),
    (28404, 26, 12),
    (54026, 24, 7),
    (71397, 29, 6),
    (22938, 77, 7),
    (1183, 52, 7),
    (85662, 22, 16),
    (34960, 27, 25),
    (59414, 16, 11),
    (96643, 58, 10),
    (55184, 25, 10),
    (61792, 69, 6),
    (62131, 56, 6),
    (56838, 56, 25),
    (98509, 97, 13),
    (61122, 23, 18),
    (38945, 12, 11),
    (27643, 45, 16),
    (41352, 18, 11),
    (82016, 66, 24),
    (62905, 39, 7),
    (87093, 77, 8),
    (78796, 26, 6),
    (12559, 92, 13),
    (96643, 26, 25),
    (26580, 83, 18),
    (55439, 20, 10),
    (30096, 43, 25),
    (38877, 23, 15),
    (29332, 19, 10),
    (42577, 65, 9),
    (73017, 78, 7),
    (3198, 54, 11),
    (42002, 56, 20),
    (80196, 96, 19),
    (23110, 99, 18),
    (99871, 66, 16),
    (56007, 86, 17),
    (9761, 19, 9),
    (7551, 30, 10),
    (68619, 18, 14),
    (7962, 37, 19),
    (52592, 60, 8),
    (41714, 9, 9),
    (10792, 98, 24),
    (56222, 71, 25),
    (72422, 79, 25),
    (19177, 30, 15),
    (40415, 92, 17),
    (13356, 61, 25),
    (46749, 15, 12),
    (66149, 77, 19),
    (83388, 94, 15),
    (45332, 48, 19),
    (52611, 51, 25),
    (53640, 18, 10),
    (31587, 27, 20),
    (62063, 27, 17),
    (76966, 56, 24),
    (43389, 84, 16),
    (7803, 84, 20),
    (66715, 44, 16),
    (47999, 21, 21),
    (13535, 31, 21),
    (60192, 49, 19),
    (17603, 44, 25),
    (90147, 47, 24),
    (28859, 90, 20),
    (73516, 61, 16),
    (42445, 82, 24),
    (47999, 54, 13),
    (56007, 95, 11),
    (35079, 80, 7),
    (38430, 19, 19),
    (90462, 38, 23),
    (62131, 35, 18),
    (30096, 95, 9),
    (63085, 61, 6),
    (92655, 27, 15),
    (63831, 17, 6),
    (31483, 93, 17),
    (91513, 79, 13),
    (3423, 99, 20),
    (54982, 20, 12),
    (97, 25, 16),
    (82409, 28, 23),
    (5737, 10, 10),
    (57839, 23, 15),
    (10718, 99, 18),
    (42538, 67, 15),
    (63831, 38, 16),
    (77627, 35, 10),
    (86910, 21, 20),
    (91398, 18, 12),
    (61020, 16, 14),
    (8668, 20, 13),
    (27502, 92, 22),
    (88815, 83, 6),
    (33090, 56, 13),
    (68650, 27, 20),
    (8065, 83, 20),
    (18291, 29, 25),
    (58121, 81, 6),
    (43389, 30, 25),
    (16861, 86, 11),
    (1989, 23, 7),
    (62389, 69, 19),
    (43667, 92, 22),
    (7417, 56, 16),
    (58550, 11, 7),
    (29332, 72, 25),
    (72422, 78, 23),
    (74637, 15, 8),
    (76313, 75, 20),
    (51026, 60, 16),
    (74637, 47, 20),
    (54865, 83, 23),
    (80579, 76, 20),
    (13211, 14, 12),
    (86910, 12, 11),
    (38691, 58, 22),
    (94160, 52, 24),
    (7551, 65, 9),
    (55147, 95, 12),
    (75096, 29, 24),
    (94910, 20, 12),
    (42478, 49, 17),
    (5652, 27, 19),
    (75574, 77, 12),
    (16515, 86, 25),
    (56803, 33, 10),
    (93562, 20, 12),
    (84592, 54, 20),
    (80796, 7, 6),
    (73495, 98, 23),
    (17015, 92, 18),
    (45477, 87, 22),
    (48695, 13, 12),
    (64086, 31, 7),
    (79236, 29, 15),
    (63195, 21, 10),
    (82017, 67, 23),
    (86334, 35, 14),
    (63312, 92, 17),
    (29694, 61, 18),
    (96815, 28, 16),
    (99787, 39, 25),
    (57218, 24, 18),
    (83681, 19, 11),
    (68792, 83, 10),
    (43737, 29, 18),
    (79580, 94, 10),
    (65343, 61, 11),
    (93502, 27, 14),
    (18956, 71, 16),
    (12575, 43, 21),
    (26992, 14, 11),
    (74902, 46, 22),
    (31068, 12, 9),
    (99851, 29, 16),
    (4850, 38, 25),
    (55824, 82, 10),
    (34336, 30, 20),
    (52592, 40, 22),
    (76068, 10, 10),
    (13337, 44, 21),
    (28324, 21, 17),
    (70814, 31, 25),
    (61643, 46, 24),
    (23110, 52, 10),
    (28985, 43, 23),
    (88454, 53, 7),
    (33285, 99, 18),
    (89274, 84, 7),
    (47901, 44, 15),
    (83451, 96, 14),
    (95911, 41, 15),
    (70488, 66, 12),
    (23110, 40, 9),
    (57397, 52, 11),
    (65083, 19, 11),
    (53400, 61, 18),
    (90628, 61, 19),
    (84585, 46, 15),
    (87845, 82, 17),
    (50676, 33, 20),
    (59439, 57, 10),
    (23898, 36, 21),
    (43196, 24, 21),
    (23080, 76, 14),
    (23110, 62, 23),
    (61260, 64, 23),
    (79938, 33, 16),
    (86832, 55, 10),
    (73814, 91, 23),
    (88554, 55, 23),
    (18205, 18, 12),
    (96922, 98, 19),
    (88971, 35, 8),
    (64145, 35, 22),
    (93210, 21, 9),
    (40747, 41, 17),
    (51839, 39, 19),
    (73231, 32, 16),
    (4449, 28, 11),
    (88008, 61, 7),
    (91614, 52, 11),
    (51839, 91, 9),
    (58378, 96, 19),
    (75933, 36, 20),
    (63227, 55, 21),
    (76966, 88, 20),
    (6561, 11, 6),
    (45962, 68, 7),
    (20828, 41, 23),
    (78498, 70, 12),
    (85274, 20, 13),
    (45477, 66, 7),
    (10053, 21, 18),
    (92138, 41, 13),
    (75535, 80, 15),
    (75535, 44, 25),
    (32681, 34, 20),
    (86832, 20, 20),
    (60192, 79, 11),
    (42387, 90, 21),
    (76426, 53, 14),
    (94160, 66, 20),
    (90147, 86, 8),
    (74261, 85, 16),
    (42877, 47, 19),
    (89953, 99, 8),
    (81901, 61, 9),
    (48386, 90, 17),
    (22553, 42, 16),
    (13337, 46, 11),
    (86417, 20, 13),
    (90022, 53, 23),
    (22351, 25, 16),
    (88165, 55, 6),
    (89108, 49, 24),
    (88550, 83, 16),
    (68920, 20, 14),
    (84426, 22, 21),
    (91584, 80, 12),
    (28859, 94, 20),
    (47999, 39, 6),
    (80411, 47, 24),
    (34333, 16, 12),
    (39304, 60, 14),
    (96135, 37, 23),
    (66125, 30, 20),
    (49324, 86, 21),
    (31923, 14, 11),
    (94847, 33, 11),
    (7418, 43, 21),
    (48713, 56, 21),
    (31480, 95, 25),
    (7418, 82, 21),
    (17394, 26, 21),
    (25740, 23, 6),
    (66459, 53, 15),
    (4266, 29, 22),
    (18750, 41, 12),
    (99871, 29, 16),
    (60192, 45, 21),
    (12107, 49, 12),
    (50676, 97, 20),
    (37458, 38, 24),
    (19683, 79, 21),
    (27056, 63, 9),
    (40508, 91, 24),
    (54008, 66, 20),
    (43864, 98, 6),
    (56113, 29, 15),
    (75478, 78, 9),
    (66149, 20, 15),
    (49376, 48, 8),
    (95549, 77, 23),
    (41871, 18, 10),
    (66125, 14, 8),
    (78498, 34, 9),
    (45157, 92, 20),
    (74710, 31, 20),
    (68400, 36, 9),
    (27940, 60, 23),
    (80196, 25, 18),
    (86584, 36, 14),
    (29226, 75, 22),
    (61122, 30, 17),
    (31004, 91, 20),
    (12705, 75, 17),
    (82017, 76, 12),
    (18064, 89, 19),
    (82106, 72, 12),
    (97359, 44, 24),
    (93502, 25, 18),
    (57218, 72, 7),
    (15869, 72, 21),
    (90022, 49, 14),
    (93562, 12, 9),
    (60777, 20, 10),
    (82407, 70, 9),
    (80715, 83, 13),
    (45332, 26, 14),
    (23662, 41, 24),
    (91071, 32, 11),
    (345, 46, 20),
    (74902, 70, 13),
    (33811, 37, 25),
    (69190, 86, 15),
    (60777, 54, 24),
    (58550, 60, 23),
    (86098, 34, 21),
    (87446, 40, 14),
    (23434, 8, 6),
    (34960, 11, 8),
    (49324, 98, 23),
    (4247, 89, 11),
    (97155, 64, 11),
    (86758, 20, 16),
    (31900, 22, 19),
    (3019, 67, 21),
    (61670, 79, 16),
    (43196, 22, 21),
    (94442, 25, 24),
    (91972, 16, 11),
    (59874, 24, 17),
    (39888, 25, 13),
    (868, 81, 6),
    (61670, 56, 25),
    (4866, 98, 18),
    (60168, 20, 15),
    (88550, 80, 10),
    (10865, 58, 17),
    (49324, 13, 11),
    (86987, 29, 21),
    (83739, 11, 11),
    (56459, 43, 11),
    (63831, 86, 8),
    (2148, 42, 6),
    (95546, 65, 8),
    (28065, 71, 13),
    (63722, 23, 12),
    (91513, 57, 10),
    (97950, 11, 7),
    (63195, 27, 16),
    (18823, 59, 14),
    (80673, 13, 8),
    (8169, 92, 19),
    (15869, 86, 15),
    (58396, 85, 19),
    (33674, 58, 14),
    (73694, 67, 18),
    (33811, 45, 22),
    (58550, 73, 7),
    (63085, 77, 10),
    (96524, 96, 24),
    (27280, 73, 17),
    (19436, 47, 20),
    (38558, 39, 25),
    (47015, 87, 12),
    (53640, 31, 23),
    (83240, 8, 7),
    (38691, 83, 25),
    (88205, 54, 25),
    (17572, 32, 9),
    (73821, 31, 16),
    (42067, 23, 18),
    (55689, 18, 13),
    (76313, 36, 11),
    (34718, 40, 24),
    (98259, 45, 24),
    (35946, 33, 14),
    (85569, 27, 12),
    (23119, 24, 24),
    (34718, 33, 22),
    (54206, 63, 8),
    (1322, 72, 9),
    (98833, 33, 7),
    (43013, 62, 13),
    (73116, 69, 18),
    (44722, 62, 19),
    (29394, 59, 6),
    (67097, 95, 20),
    (69516, 42, 15),
    (35051, 60, 6),
    (88550, 34, 21),
    (30164, 80, 19),
    (47158, 94, 12),
    (86791, 46, 24)
;


CREATE TABLE BST
    (`N` int, `P` INT);
    
INSERT INTO BST
    (`N`, `P`)
VALUES
    (1, '2'),
    (3, '2'),
    (5, '6'),
    (7, '6'),
    (2, '4'),
    (6, '4'),
    (4, '15'),
    (8, '9'),
    (10, '9'),
    (12, '13'),
    (14, '13'),
    (9, '11'),
    (13, '11'),
    (11, '15'),
    (15, NULL);

